#{"t_start": 1785149444.875367, "env_id": "None"}
r,l,t
-297.606049,52,0.024338
-312.626712,52,0.040948
-262.242604,52,0.058351
-231.839931,52,0.074863
-281.351135,52,0.091155
-318.309658,52,0.108762
-269.140407,52,0.125368
-310.076443,52,0.142428
-309.023379,52,0.159088
-299.567546,52,0.175597
-281.816915,52,0.193418
-274.977584,52,0.210003
-764.689227,52,0.227178
-280.399472,52,0.243562
-291.175222,52,0.259934
-290.693096,52,0.276979
-275.508425,52,0.293407
-304.402314,52,0.31042
-644.716554,52,0.326782
-278.421438,52,0.344113
-305.868899,52,0.361568
-267.713703,52,0.378105
-389.737067,52,0.395427
-286.936788,52,0.411803
-308.140054,52,0.428603
-276.971276,52,0.44565
-331.270392,52,0.461944
-318.677673,52,0.478861
-834.715578,52,0.496066
-276.837833,52,0.517153
-268.152502,52,0.536954
-477.146331,52,0.555839
-330.50301,52,0.58768
-306.270881,52,0.608058
-294.588698,52,0.627682
-265.638653,52,0.649333
-291.535853,52,0.668365
-305.025948,52,0.69066
-294.655103,52,0.71075
-265.518372,52,0.730492
-304.10828,52,0.74813
-603.219458,52,0.764864
-277.531975,52,0.782146
-266.811286,52,0.798706
-450.404269,52,0.815156
-293.764351,52,0.832258
-305.292435,52,0.848638
-297.372572,52,0.865869
-274.311139,52,0.883369
-308.701026,52,0.899871
-279.497529,52,0.917369
-304.263833,52,0.933999
-373.497689,52,0.951144
-359.172107,52,0.967555
-299.803336,52,0.983912
-292.191465,52,1.001049
-814.110656,52,1.017317
-265.989715,52,1.034631
-279.84518,52,1.052003
-294.19717,52,1.068734
-951.99103,52,1.085792
-290.378803,52,1.102348
-296.407508,52,1.119612
-296.68507,52,1.136035
-294.367375,52,1.152512
-381.269354,52,1.169746
-304.413448,52,1.186156
-360.124949,52,1.204563
-437.673848,52,1.221717
-275.612652,52,1.238257
-298.788654,52,1.255618
-860.969393,52,1.272088
-292.635853,52,1.289319
-722.965134,52,1.305682
-304.082982,52,1.322061
-305.18145,52,1.339207
-281.919086,52,1.355775
-840.126059,52,1.373966
-504.20079,52,1.390472
-440.954964,52,1.406789
-276.109052,52,1.423968
-319.866843,52,1.44065
-500.354927,52,1.457855
-295.658926,52,1.474282
-288.216785,52,1.490651
-281.617694,52,1.507685
-300.661702,52,1.524498
-294.526796,52,1.542336
-267.610631,52,1.558734
-289.619133,52,1.575304
-279.383832,52,1.592707
-305.461401,52,1.609103
-297.566792,52,1.626236
-301.407482,52,1.642554
-274.569289,52,1.658806
-296.695868,52,1.676031
-268.994414,52,1.69334
-293.426264,52,1.710855
-298.315587,52,1.727338
-298.939127,52,1.743909
-283.389093,52,1.76111
-347.187016,52,1.777612
-337.501213,52,1.794741
-1310.347508,52,1.811031
-261.836243,52,1.827405
-300.461596,52,1.844699
-316.164246,52,1.861827
-308.522246,52,1.879268
-400.648973,52,1.895423
-284.457601,52,1.911833
-316.131901,52,1.928965
-382.969161,52,1.945571
-337.19202,52,1.96274
-423.531648,52,1.978912
-299.335682,52,1.995181
-290.333013,52,2.01349
-282.951463,52,2.030185
-334.792736,52,2.047519
-291.752645,52,2.064146
-289.241552,52,2.080427
-563.052473,52,2.097712
-287.745322,52,2.114213
-305.448781,52,2.131236
-679.443535,52,2.147556
-310.627516,52,2.163905
-467.982959,52,2.182166
-308.24881,52,2.198863
-282.641624,52,2.216262
-311.747135,52,2.232701
-280.376164,52,2.248992
-294.199092,52,2.266111
-294.104235,52,2.282507
-462.446637,52,2.299676
-261.281697,52,2.316008
-747.268326,52,2.332642
-279.832744,52,2.350733
-261.353722,52,2.367198
-755.020277,52,2.384448
-265.201294,52,2.400795
-567.639525,52,2.417142
-672.777022,52,2.434597
-353.364559,52,2.450923
-410.025132,52,2.467946
-286.678369,52,2.484182
-658.538099,52,2.501434
-278.288961,52,2.518846
-279.246475,52,2.535248
-792.68366,52,2.552394
-1376.044424,52,2.568738
-319.439567,52,2.585169
-878.272172,52,2.602215
-404.983492,52,2.6185
-1616.030821,52,2.635533
-237.974051,52,2.652019
-2331.422431,52,2.669214
-334.812696,52,2.686277
-744.758748,52,2.702778
-541.798788,52,2.719964
-2040.253757,52,2.736362
-1057.085233,52,2.752789
-544.893131,52,2.769832
-2078.981616,52,2.786034
-1175.144007,52,2.802943
-2024.120065,52,2.820156
-1796.584709,52,2.837056
-966.215939,52,2.854449
-744.966094,52,2.870857
-4429.043795,52,2.887939
-816.512635,52,2.904238
-1499.456354,52,2.920527
-988.828983,52,2.937502
-1159.678271,52,2.953663
-1571.017041,52,2.970594
-704.212756,52,2.98785
-2131.071302,52,3.004276
-2203.39419,52,3.021565
-6138.967199,52,3.037788
-6607.827971,52,3.054656
-6124.414084,52,3.071072
-4809.436602,52,3.087264
-8817.585729,52,3.104185
-3134.708239,52,3.12029
-6251.668566,52,3.137463
-7965.190472,52,3.154672
-5531.866987,52,3.171337
-5899.021498,52,3.188325
-7421.440761,52,3.204723
-6429.988825,52,3.221763
-7466.994618,52,3.237885
-10008.413224,52,3.254053
-5833.697223,52,3.271043
-5149.896879,52,3.287168
-9597.420998,52,3.304776
-8150.090481,52,3.321372
-5861.112971,52,3.337812
-9690.088685,52,3.354894
-9435.776848,52,3.371113
-7775.373137,52,3.388115
-10753.089954,52,3.404235
-6275.688354,52,3.42038
-4396.341606,52,3.437564
-5135.634003,52,3.453936
-8414.387984,52,3.471866
-4196.414172,52,3.488408
-9499.040623,52,3.504553
-5739.339135,52,3.521498
-10129.199631,52,3.537739
-5641.707486,52,3.55466
-11815.220105,52,3.570758
-6817.794105,52,3.586863
-9204.432964,52,3.603711
-9772.537511,52,3.620334
-7550.786945,52,3.638022
-10975.737639,52,3.654289
-8471.601273,52,3.670528
-4460.696927,52,3.687505
-7940.235952,52,3.703607
-4020.576859,52,3.720635
-3878.566327,52,3.736882
-7905.999086,52,3.752991
-3590.046465,52,3.769944
-8948.537247,52,3.78718
-10213.619823,52,3.80446
-8547.934561,52,3.820765
-6317.146738,52,3.837167
-7716.269413,52,3.854108
-9223.274802,52,3.870224
-5542.457765,52,3.887218
-9042.786892,52,3.903364
-11369.914131,52,3.919386
-12725.255484,52,3.936387
-5113.145091,52,3.953616
-9993.718605,52,3.970657
-9136.293601,52,3.986771
-7951.210715,52,4.003029
-8020.124341,52,4.019966
-11355.880908,52,4.036148
-7075.779942,52,4.052999
-8259.749837,52,4.069185
-12426.334082,52,4.085341
-6938.859371,52,4.102978
-10983.990976,52,4.119453
-6038.307547,52,4.136623
-12526.906593,52,4.152891
-11150.56904,52,4.168899
-10573.56273,52,4.185741
-9304.717533,52,4.201909
-5951.350378,52,4.218766
-7156.870786,52,4.23509
-7736.041584,52,4.251217
-8961.804841,52,4.269306
-9073.042409,52,4.286219
-8492.703661,52,4.304431
-9639.648019,52,4.321939
-12533.479727,52,4.338248
-9109.827345,52,4.355163
-7580.580897,52,4.371476
-6534.395017,52,4.388358
-8800.710473,52,4.404473
-13676.444183,52,4.42088
-10622.649839,52,4.438857
-9605.43987,52,4.455136
-9233.524696,52,4.47218
-8940.062807,52,4.488219
-6866.814863,52,4.504412
-12034.225498,52,4.521292
-9188.298009,52,4.537396
-7472.554924,52,4.554227
-7567.720061,52,4.570275
-8931.653282,52,4.587556
-12676.308586,52,4.604961
-10666.653792,52,4.621366
-13843.455704,52,4.63841
-9612.330438,52,4.654581
-10364.04898,52,4.670616
-6906.86015,52,4.68755
-7557.307901,52,4.703827
-13198.704471,52,4.720813
-12273.479981,52,4.737161
-10069.839822,52,4.754031
-10431.698502,52,4.771145
-12947.371864,52,4.787331
-8574.315707,52,4.804412
-7684.371497,52,4.820498
-9561.7335,52,4.836579
-7234.530091,52,4.853588
-10308.27495,52,4.869594
-10862.25262,52,4.886453
-13256.349217,52,4.903392
-10971.05129,52,4.919922
-9554.165744,52,4.93692
-8801.226336,52,4.952991
-11982.509756,52,4.969848
-12037.302497,52,4.985978
-8387.620593,52,5.002081
-9322.05162,52,5.018862
-7398.046638,52,5.034866
-8479.063317,52,5.051684
-8727.949718,52,5.068986
-9795.525998,52,5.085214
-7659.365083,52,5.102136
-11640.608661,52,5.118316
-11902.574162,52,5.135258
-9257.941446,52,5.151362
-10173.293041,52,5.167448
-13188.507201,52,5.184282
-9597.220047,52,5.200303
-7883.548684,52,5.217331
-9801.695578,52,5.234569
-8072.998176,52,5.250989
-12840.75099,52,5.268121
-13823.153514,52,5.284249
-9037.984104,52,5.301034
-12305.958157,52,5.317199
-7769.856948,52,5.333317
-8104.69455,52,5.350144
-14224.232007,52,5.366187
-8601.937128,52,5.38394
-8209.795823,52,5.400273
-7902.027284,52,5.416608
-14210.676532,52,5.433623
-8471.607686,52,5.449878
-11057.094698,52,5.466689
-9724.4196,52,5.482782
-8264.500792,52,5.49885
-9154.555121,52,5.515578
-10482.085898,52,5.53181
-8992.467394,52,5.549793
-8793.080595,52,5.565874
-8083.774674,52,5.582043
-8524.88181,52,5.599036
-14336.259688,52,5.615217
-8812.708973,52,5.632104
-8997.696207,52,5.648164
-9827.384121,52,5.664274
-10137.602192,52,5.681097
-11682.821649,52,5.697783
-10501.575853,52,5.715366
-10762.729397,52,5.731641
-10921.632013,52,5.747777
-9313.498509,52,5.76478
-8069.48371,52,5.781128
-10062.391046,52,5.7981
-8679.747135,52,5.814109
-7103.458901,52,5.830119
-2571.648419,52,5.846977
-6916.997085,52,5.864235
-5228.717842,52,5.88135
-6645.223097,52,5.897729
-13790.950221,52,5.914008
-9189.680279,52,5.930916
-7392.158001,52,5.947006
-7402.766757,52,5.963764
-9284.32393,52,5.979855
-8097.329923,52,5.99602
-7906.318917,52,6.012986
-6803.387,52,6.030231
-6922.253254,52,6.047516
-5779.640388,52,6.063839
-5081.557531,52,6.080095
-7077.966557,52,6.097076
-7527.739278,52,6.113264
-10124.499436,52,6.130215
-4457.293055,52,6.146306
-8465.555123,52,6.162273
-10761.984521,52,6.180013
-10675.77307,52,6.196462
-8673.470007,52,6.213512
-8480.678433,52,6.229827
-4171.859075,52,6.24605
-7273.741564,52,6.262939
-6502.232198,52,6.279173
-6807.142672,52,6.296094
-6460.619938,52,6.312217
-6268.250451,52,6.328406
-5147.023664,52,6.346301
-5009.682354,52,6.362789
-8102.406698,52,6.379889
-7858.192065,52,6.396252
-4807.917113,52,6.412446
-2413.124567,52,6.42956
-6323.042965,52,6.445726
-6101.656361,52,6.462852
-8343.59333,52,6.478931
-4797.768524,52,6.495245
-4340.677744,52,6.513569
-10761.479163,52,6.529866
-6767.521052,52,6.54682
-8941.151276,52,6.562935
-5638.526521,52,6.579019
-8275.494754,52,6.595944
-3948.277477,52,6.61205
-12528.665662,52,6.628872
-9829.089526,52,6.645213
-5844.107238,52,6.66218
-6450.381459,52,6.679552
-6889.249079,52,6.695764
-9442.912522,52,6.71266
-7114.486954,52,6.728941
-10960.03768,52,6.745142
-8077.864718,52,6.761989
-9954.715893,52,6.778084
-12891.506865,52,6.794935
-13501.855061,52,6.811187
-12379.430961,52,6.828494
-9633.922834,52,6.845829
-12082.040972,52,6.861988
-8329.306758,52,6.878742
-9045.915649,52,6.894962
-9458.378472,52,6.911138
-8552.952499,52,6.92792
-10294.938056,52,6.943852
-8736.087644,52,6.960588
-11579.931642,52,6.97741
-10990.398122,52,6.994002
-7476.778596,52,7.011075
-10632.724348,52,7.027196
-10424.448632,52,7.04422
-10940.823797,52,7.060303
-12011.673498,52,7.076297
-10649.26271,52,7.09301
-9421.771508,52,7.109091
-8129.546204,52,7.12588
-9423.345368,52,7.142878
-9640.846428,52,7.159322
-6727.626436,52,7.176406
-2931.339987,52,7.192654
-5801.296824,52,7.209668
-853.202933,52,7.226034
-1470.25129,52,7.242285
-5240.969936,52,7.259301
-4070.552368,52,7.27555
-5636.286312,52,7.292765
-6875.093679,52,7.310053
-5199.467661,52,7.326587
-7294.864645,52,7.343803
-6354.465788,52,7.360189
-4473.146987,52,7.377243
-4399.483619,52,7.393369
-7179.590483,52,7.409466
-10265.263266,52,7.426294
-5228.126668,52,7.442514
-5045.582733,52,7.460495
-6381.021543,52,7.477052
-4301.756443,52,7.493664
-5870.977574,52,7.510884
-2817.817779,52,7.527139
-2603.703596,52,7.544257
-7004.775845,52,7.560429
-4331.218466,52,7.576508
-6151.966229,52,7.593449
-7103.609882,52,7.609726
-4891.357462,52,7.627487
-8621.019402,52,7.644162
-5112.898069,52,7.660641
-5707.494104,52,7.677734
-10439.24744,52,7.694027
-10107.566906,52,7.710964
-7891.308516,52,7.727194
-10915.044441,52,7.743301
-6028.345936,52,7.760242
-6485.965983,52,7.776893
-5787.438193,52,7.794374
-7018.115171,52,7.810653
-9975.237679,52,7.826989
-10203.480458,52,7.843857
-8714.344977,52,7.860181
-10696.152217,52,7.877116
-7028.898803,52,7.893223
-8401.783504,52,7.909254
-9088.424389,52,7.925991
-8271.860045,52,7.942933
-12639.436304,52,7.960605
-7427.93818,52,7.976869
-9714.336953,52,7.993092
-7745.358194,52,8.010029
-12512.307994,52,8.026236
-12939.742162,52,8.04314
-11807.871314,52,8.059183
-10185.264701,52,8.075158
-10877.406621,52,8.092125
-10161.082319,52,8.108995
-14849.469143,52,8.125962
-8143.23677,52,8.142378
-9845.509355,52,8.179035
-6085.552913,52,8.196568
-7730.620888,52,8.212904
-7976.194568,52,8.229795
-13333.062346,52,8.245911
-10462.441361,52,8.26244
-10393.694479,52,8.281227
-7296.699134,52,8.297692
-12286.542717,52,8.314884
-10468.175671,52,8.33111
-8851.316088,52,8.347295
-8546.890968,52,8.364328
-6487.289313,52,8.380494
-6145.62829,52,8.397518
-9755.665272,52,8.41374
-7760.822058,52,8.429842
-8868.797735,52,8.447778
-6503.357812,52,8.464243
-8025.525318,52,8.48118
-7373.819561,52,8.497592
-8989.831494,52,8.513819
-6564.315449,52,8.530771
-9217.904057,52,8.546894
-8726.767685,52,8.563844
-6857.351772,52,8.579949
-5102.451569,52,8.596212
-8878.238306,52,8.614115
-6886.391885,52,8.630586
-4248.86524,52,8.647622
-6408.861394,52,8.663995
-4383.428439,52,8.680247
-3784.324233,52,8.697277
-8261.337488,52,8.71344
-3634.123138,52,8.730425
-5073.728893,52,8.746573
-10502.15597,52,8.763706
-2564.280662,52,8.781032
-4753.291349,52,8.797267
-3936.018982,52,8.814272
-6913.270406,52,8.830424
-6448.541028,52,8.84666
-5387.621802,52,8.863639
-7116.60337,52,8.879742
-8004.108891,52,8.896746
-9098.795655,52,8.913115
-3408.203101,52,8.930779
-2892.788789,52,8.948155
-4077.768999,52,8.964461
-1558.96982,52,8.981543
-3113.250196,52,8.997862
-4651.466887,52,9.014204
-4291.403928,52,9.031266
-5502.755282,52,9.04743
-2462.551115,52,9.064423
-10062.336695,52,9.081735
-3772.701564,52,9.098208
-7151.74687,52,9.115385
-3264.338227,52,9.131768
-4902.710693,52,9.1487
-7475.112479,52,9.16495
-8629.353093,52,9.181144
-7230.730426,52,9.198082
-11206.668727,52,9.214169
-9713.675181,52,9.23116
-7112.779619,52,9.248582
-9554.585739,52,9.264999
-7033.403185,52,9.28255
-6914.888645,52,9.300012
-5432.180565,52,9.318205
-10406.409109,52,9.334988
-7295.861531,52,9.351489
-7146.730177,52,9.368702
-4778.919694,52,9.384995
-8234.154911,52,9.402207
-7293.853052,52,9.419578
-4683.483057,52,9.436326
-4024.08773,52,9.453543
-7192.054995,52,9.470234
-7521.094152,52,9.487273
-3383.612635,52,9.503503
-8036.714843,52,9.519676
-6851.104569,52,9.536723
-6044.304572,52,9.553041
-5392.471209,52,9.570813
-958.620945,52,9.587591
-1499.283749,52,9.604083
-8064.740261,52,9.621397
-6607.787371,52,9.637573
-7458.681564,52,9.654913
-8820.479476,52,9.671272
-4353.754101,52,9.687484
-5632.302009,52,9.704518
-1785.726188,52,9.720991
-4228.265625,52,9.739271
-2558.198004,52,9.755813
-5162.177534,52,9.772234
-6808.973938,52,9.789353
-5976.105566,52,9.805845
-6806.718964,52,9.822847
-6244.735298,52,9.839048
-5980.7448,52,9.855364
-1726.982965,52,9.872394
-6941.921853,52,9.889985
-2612.235126,52,9.907753
-2270.868275,52,9.924175
-3597.67414,52,9.940801
-4927.863448,52,9.958598
-1680.794961,52,9.975135
-3855.892561,52,9.992247
-3365.288221,52,10.008657
-8788.05157,52,10.024861
-4952.177556,52,10.042041
-4047.050422,52,10.059286
-5576.039183,52,10.076881
-5568.747117,52,10.093547
-2713.36051,52,10.10997
-1782.709575,52,10.127055
-4348.94271,52,10.143222
-3220.210421,52,10.160312
-3174.055465,52,10.176631
-6026.434377,52,10.192875
-1764.203919,52,10.210067
-2099.758205,52,10.227212
-1483.392722,52,10.244866
-2247.804017,52,10.26132
-968.573264,52,10.277926
-5701.099658,52,10.295165
-5118.265861,52,10.311349
-4737.950796,52,10.328379
-5229.474353,52,10.344663
-5407.057157,52,10.360928
-3437.965958,52,10.3795
-4388.932,52,10.396393
-1973.791425,52,10.41357
-5379.742488,52,10.43017
-9608.958039,52,10.446466
-3863.081221,52,10.463656
-8234.289879,52,10.47992
-671.994409,52,10.497137
-4156.620736,52,10.513536
-2145.770797,52,10.52983
-2250.996815,52,10.548371
-4545.789444,52,10.564925
-9167.415113,52,10.582136
-6355.281828,52,10.598639
-806.759821,52,10.614987
-7468.58331,52,10.632008
-4798.491331,52,10.648278
-3968.435944,52,10.665274
-765.761435,52,10.681702
-2687.387059,52,10.698306
-6422.737868,52,10.718383
-7456.21903,52,10.737372
-1997.396611,52,10.75697
-2914.57597,52,10.775674
-2819.885878,52,10.794071
-4062.12392,52,10.813442
-2077.931041,52,10.83285
-3325.827532,52,10.853429
-6593.779172,52,10.872403
-3839.763307,52,10.893167
-4373.897225,52,10.915607
-3857.556677,52,10.933443
-6002.618091,52,10.951537
-6855.172166,52,10.967724
-6162.977025,52,10.98404
-8052.832384,52,11.000992
-7079.974739,52,11.017451
-9354.900502,52,11.034631
-4903.006243,52,11.051003
-8495.879334,52,11.068203
-6570.804703,52,11.08538
-4289.84287,52,11.101971
-8953.534799,52,11.119053
-9321.012397,52,11.135214
-3688.11906,52,11.151623
-8543.505187,52,11.168597
-6390.774951,52,11.184904
-4708.845573,52,11.201913
-6801.945435,52,11.218906
-5446.453698,52,11.235711
-8968.938772,52,11.25309
-7771.941021,52,11.269493
-7083.320256,52,11.286585
-6236.060185,52,11.302856
-5065.695146,52,11.319117
-6985.335484,52,11.336178
-7553.455434,52,11.352299
-5814.621213,52,11.369248
-12951.312925,52,11.387028
-7272.511702,52,11.403592
-6110.239542,52,11.420749
-7714.075009,52,11.437253
-4347.311275,52,11.454413
-5531.266528,52,11.471047
-4527.425379,52,11.487307
-5085.649849,52,11.504386
-3428.427556,52,11.520635
-891.238222,52,11.538075
-1709.541035,52,11.556158
-4570.355366,52,11.572855
-3468.292414,52,11.590216
-3021.274953,52,11.606611
-4907.092158,52,11.623734
-3144.867807,52,11.64003
-5893.828,52,11.656392
-6441.934562,52,11.673439
-5128.644001,52,11.689735
-4093.357936,52,11.707466
-3632.455065,52,11.724408
-2150.151869,52,11.740879
-5268.888381,52,11.758144
-8442.060298,52,11.774386
-8826.42631,52,11.791508
-6803.290527,52,11.80769
-3195.17913,52,11.823887
-4310.212599,52,11.840857
-3064.452043,52,11.857336
-1254.978845,52,11.875101
-9427.93524,52,11.891557
-6655.80274,52,11.907993
-5412.6425,52,11.925088
-5043.756408,52,11.941387
-3523.562958,52,11.958393
-606.628982,52,11.974787
-3475.604151,52,11.990974
-4156.889957,52,12.008035
-2908.061551,52,12.025075
-7324.675509,52,12.042969
-2841.674971,52,12.059502
-7014.563143,52,12.07572
-4003.491385,52,12.092845
-7867.162183,52,12.109135
-2747.781274,52,12.126149
-2571.142869,52,12.142428
-7012.562639,52,12.158712
-2172.230081,52,12.175744
-3429.995799,52,12.193144
-3334.392462,52,12.210845
-4009.26347,52,12.227209
-8354.274914,52,12.243529
-6081.209,52,12.260549
-6719.869298,52,12.276835
-5680.037229,52,12.293891
-6448.952969,52,12.310051
-1632.724407,52,12.32634
-4249.103355,52,12.343438
-2166.494731,52,12.360246
-7396.73294,52,12.377515
-5881.142082,52,12.393765
-3279.55523,52,12.410252
-4902.032029,52,12.427215
-5655.231171,52,12.443521
-3093.687889,52,12.460575
-905.268102,52,12.477159
-5781.559959,52,12.493356
-5380.170016,52,12.510931
-7065.749166,52,12.52762
-4996.569136,52,12.544772
-7122.326456,52,12.560871
-4340.53425,52,12.577491
-3233.295755,52,12.594719
-4856.964075,52,12.61099
-4985.178444,52,12.627907
-8539.919792,52,12.644078
-11577.695409,52,12.660153
-5309.078969,52,12.678145
-6951.857857,52,12.694744
-4876.690226,52,12.711833
-6230.691841,52,12.728126
-9094.566995,52,12.74446
-6920.586475,52,12.76136
-10910.16149,52,12.777531
-8354.044231,52,12.794359
-11458.891019,52,12.810453
-8224.157832,52,12.826836
-5147.366026,52,12.844611
-6553.38737,52,12.860928
-6031.321553,52,12.877952
-6801.170463,52,12.894012
-8754.090146,52,12.910063
-6132.117457,52,12.927131
-8592.991506,52,12.943235
-3156.551119,52,12.960229
-9073.807081,52,12.976437
-4076.53295,52,12.994234
-7707.019061,52,13.011856
-7603.919702,52,13.028103
-7578.837309,52,13.045275
-2907.926001,52,13.061591
-3179.195685,52,13.077907
-6832.64297,52,13.094888
-4744.180029,52,13.111257
-4331.742271,52,13.128323
-4924.884843,52,13.144767
-7134.246068,52,13.161575
-11955.207915,52,13.17925
-11489.362727,52,13.195453
-9622.255097,52,13.212468
-9208.264047,52,13.228706
-12677.947506,52,13.244862
-9576.351587,52,13.261645
-7965.413157,52,13.277692
-8913.782619,52,13.294537
-6302.898211,52,13.311439
-9842.837411,52,13.328092
-10031.270224,52,13.345114
-10381.741216,52,13.361328
-6411.791192,52,13.378304
-11510.518709,52,13.394601
-9737.892203,52,13.41064
-8325.391267,52,13.427534
-10475.996924,52,13.443702
-12528.876639,52,13.460509
-9945.341266,52,13.477635
-8130.905162,52,13.494375
-12344.076985,52,13.511352
-10845.719651,52,13.527509
-9588.45383,52,13.5445
-7178.575088,52,13.560754
-6992.170398,52,13.576797
-11993.022981,52,13.593684
-10717.510342,52,13.609836
-7022.046514,52,13.626913
-10752.39274,52,13.644018
-6851.69009,52,13.660524
-9115.961451,52,13.677504
-11334.904769,52,13.693876
-8492.361311,52,13.710737
-8631.657047,52,13.726902
-7637.369032,52,13.74311
-8877.304425,52,13.75988
-6402.568836,52,13.776028
-5699.509254,52,13.794124
-9909.856,52,13.81059
-4374.992235,52,13.826974
-5671.553495,52,13.843857
-5874.505113,52,13.860325
-7024.730223,52,13.877238
-8088.118348,52,13.8934
-6215.587419,52,13.909663
-11390.45793,52,13.926542
-7497.33558,52,13.942725
-6131.018362,52,13.960147
-6171.532574,52,13.976709
-10464.885141,52,13.993112
-8621.900209,52,14.010013
-7394.4876,52,14.026153
-7110.261175,52,14.042993
-8738.484255,52,14.059052
-9958.504323,52,14.075155
-7767.91323,52,14.091868
-10338.932141,52,14.108676
-13300.784594,52,14.126192
-6404.206954,52,14.142525
-10007.772032,52,14.158765
-8577.943004,52,14.175561
-7363.592863,52,14.191551
-9763.125842,52,14.208573
-12914.2006,52,14.224664
-10725.98496,52,14.240631
-12628.191209,52,14.257429
-10417.290261,52,14.274507
-7375.615489,52,14.293531
-10367.52502,52,14.311049
-7108.289114,52,14.328009
-9676.614546,52,14.345031
-12240.836091,52,14.361431
-10719.549921,52,14.378376
-11955.498099,52,14.394616
-10871.095078,52,14.410698
-11568.597488,52,14.427891
-13118.509242,52,14.445158
-11600.434102,52,14.462861
-9726.156494,52,14.47892
-9733.992433,52,14.495401
-12079.779879,52,14.512407
-9554.375381,52,14.528724
-9837.676948,52,14.545678
-11528.751343,52,14.561719
-10374.011617,52,14.57787
-10768.684166,52,14.596314
-10440.874722,52,14.612642
-8407.673461,52,14.629722
-7922.601127,52,14.64595
-10318.822212,52,14.662071
-7937.401528,52,14.679031
-12022.395269,52,14.695184
-9830.668211,52,14.712097
-10507.524912,52,14.728031
-8688.047717,52,14.744059
-12078.198218,52,14.761583
-8352.850667,52,14.778109
-7840.293123,52,14.795261
-12372.424026,52,14.811443
-8826.180899,52,14.827632
-9838.333141,52,14.844463
-10770.277622,52,14.860459
-7652.481053,52,14.877415
-8343.053453,52,14.893488
-9293.082256,52,14.909867
-5969.026801,52,14.927671
-8540.163623,52,14.944046
-6744.864367,52,14.960867
-9551.854509,52,14.977139
-7600.54177,52,14.993445
-13351.647324,52,15.010354
-9013.116101,52,15.02644
-10648.023155,52,15.043154
-11626.439025,52,15.05911
-7966.969171,52,15.076159
-10203.496148,52,15.093456
-9328.095449,52,15.109786
-8729.788636,52,15.128108
-10937.035273,52,15.145597
-10953.099172,52,15.162688
-7704.503546,52,15.179485
-7005.096847,52,15.195625
-9387.697457,52,15.212444
-7124.005277,52,15.229152
-7733.285699,52,15.246386
-6700.851593,52,15.263727
-11034.793314,52,15.279874
-8789.014558,52,15.297064
-6391.735647,52,15.31323
-10534.66473,52,15.329406
-9903.080549,52,15.346226
-8959.554786,52,15.362246
-8722.399716,52,15.379064
-8021.777568,52,15.396203
-11204.539488,52,15.412543
-10834.050043,52,15.429708
-6769.633267,52,15.44593
-5484.559071,52,15.462993
-14479.537827,52,15.479033
-6567.836512,52,15.495494
-9425.790591,52,15.512359
-8734.860971,52,15.528443
-11001.647997,52,15.54535
-6832.662729,52,15.562404
-5926.094513,52,15.578931
-6523.894825,52,15.59584
-6248.00523,52,15.611925
-5758.251383,52,15.628823
-9299.549703,52,15.644915
-9658.435539,52,15.661042
-5408.235096,52,15.677951
-8506.890423,52,15.694005
-6095.192838,52,15.711221
-7040.687175,52,15.727835
-2685.658171,52,15.744467
-3923.574437,52,15.761718
-9789.689327,52,15.777936
-7362.177752,52,15.79493
-9576.838692,52,15.811047
-9326.010147,52,15.827408
-9047.318783,52,15.844247
-4839.945946,52,15.86022
-9368.704309,52,15.877861
-3616.36553,52,15.894441
-4318.57457,52,15.910755
-8368.139911,52,15.927641
-7583.049197,52,15.943707
-9509.891861,52,15.960761
-8747.100923,52,15.976827
-4862.771102,52,15.993003
-8166.299393,52,16.009759
-5543.238019,52,16.02609
-5077.018523,52,16.043996
-7198.427145,52,16.060709
-3054.600628,52,16.077114
-7447.614462,52,16.094272
-797.150726,52,16.110622
-764.82858,52,16.127765
-3137.537352,52,16.143998
-6270.815343,52,16.160201
-261.662052,52,16.177292
-291.021233,52,16.194365
-3496.450637,52,16.212186
-1964.623637,52,16.228574
-2606.458296,52,16.244783
-2322.62383,52,16.261996
-6262.656305,52,16.278085
-6340.651538,52,16.295126
-5631.326429,52,16.311261
-3114.547111,52,16.327329
-1025.91469,52,16.344395
-916.630647,52,16.361374
-2245.75256,52,16.379143
-2495.232896,52,16.395647
-5924.047326,52,16.411982
-4036.104112,52,16.429004
-558.403965,52,16.44533
-6523.864168,52,16.462295
-260.305445,52,16.47856
-2928.516156,52,16.4951
-937.300032,52,16.512356
-1164.78385,52,16.529574
-5189.850207,52,16.546948
-2336.892538,52,16.563452
-337.35484,52,16.57997
-1507.157649,52,16.597091
-2970.383453,52,16.613539
-3694.820875,52,16.630504
-1219.588769,52,16.646785
-7738.441305,52,16.662972
-1959.706784,52,16.681005
-2960.308392,52,16.697434
-2138.742441,52,16.714491
-4003.774668,52,16.730721
-3204.199859,52,16.746828
-4810.269555,52,16.763939
-9788.757007,52,16.780252
-3352.689448,52,16.797275
-2590.340691,52,16.8135
-9259.388879,52,16.829579
-3460.489306,52,16.847648
-7792.548386,52,16.864092
-5146.194407,52,16.881253
-6315.804388,52,16.897556
-4950.523456,52,16.913801
-2993.779572,52,16.930838
-7226.208713,52,16.947039
-7914.915326,52,16.963901
-5433.867352,52,16.980163
-1183.137881,52,16.996646
-2575.232331,52,17.015166
-2543.015155,52,17.031645
-2791.063062,52,17.048624
-3053.963596,52,17.065079
-2416.228069,52,17.08121
-2202.657496,52,17.09831
-2886.0147,52,17.114474
-3658.921237,52,17.131635
-4607.340745,52,17.14786
-3448.477128,52,17.165179
-446.399582,52,17.182563
-3005.325863,52,17.198838
-219.693579,52,17.215998
-423.607768,52,17.232209
-254.793069,52,17.24874
-1200.609962,52,17.265825
-2469.234448,52,17.282112
-3346.22005,52,17.299236
-856.442048,52,17.315753
-659.993294,52,17.33294
-7634.97821,52,17.3501
-5898.034943,52,17.366277
-4229.476792,52,17.383279
-1512.924434,52,17.399461
-2037.794164,52,17.415742
-1937.779859,52,17.432886
-6010.741125,52,17.449293
-3695.055954,52,17.466385
-4123.438102,52,17.483358
-5324.48744,52,17.500317
-306.435068,52,17.51766
-1467.33244,52,17.53401
-569.643019,52,17.551099
-1507.882173,52,17.567368
-1005.787994,52,17.583621
-2016.214379,52,17.600563
-4286.855278,52,17.616831
-3062.734256,52,17.633687
-3648.24462,52,17.650962
-5368.4997,52,17.667429
-655.779071,52,17.684779
-4065.646394,52,17.701181
-1955.550659,52,17.718248
-2430.923791,52,17.734561
-1107.577041,52,17.750688
-996.662937,52,17.767764
-1327.757104,52,17.783986
-3767.266701,52,17.801193
-1445.111357,52,17.81931
-3761.028179,52,17.835844
-2743.207665,52,17.853109
-610.108817,52,17.869661
-407.689299,52,17.886764
-318.737056,52,17.903199
-5242.111664,52,17.919504
-1633.339931,52,17.936616
-1651.796522,52,17.952797
-2859.227469,52,17.970571
-939.398315,52,17.987342
-3272.207732,52,18.003617
-6835.066391,52,18.020772
-2687.028592,52,18.03701
-5110.303926,52,18.054106
-4878.550263,52,18.070329
-2014.298517,52,18.086614
-2367.920023,52,18.103792
-3261.695591,52,18.120204
-618.325391,52,18.13856
-586.318756,52,18.155095
-626.295932,52,18.171436
-527.792279,52,18.188365
-1276.9719,52,18.204674
-2905.228633,52,18.221661
-1076.666122,52,18.238161
-7400.510402,52,18.254321
-3273.479646,52,18.271342
-382.190342,52,18.288151
-1609.711875,52,18.306075
-4807.970523,52,18.322549
-1208.463683,52,18.339009
-1205.45708,52,18.356159
-955.20028,52,18.372585
-396.508232,52,18.389604
-2651.038913,52,18.405867
-3159.167471,52,18.422083
-2928.015887,52,18.43915
-1690.076793,52,18.456104
-2993.97759,52,18.473783
-4173.01778,52,18.49014
-2341.133844,52,18.506951
-1583.715795,52,18.524114
-5812.698902,52,18.540505
-1132.182914,52,18.557615
-5076.048577,52,18.573995
-2560.255059,52,18.590187
-4033.333004,52,18.60735
-3654.344273,52,18.625038
-2016.081415,52,18.642307
-4462.583056,52,18.658695
-1843.115597,52,18.675069
-1607.879203,52,18.692355
-1527.272739,52,18.708628
-927.406603,52,18.725615
-1469.446099,52,18.741841
-1989.463228,52,18.7582
-1297.957092,52,18.776065
-631.312377,52,18.792847
-2267.734482,52,18.809983
-1112.356894,52,18.826648
-917.919348,52,18.842877
-754.690896,52,18.86003
-3111.397513,52,18.876259
-605.783587,52,18.893441
-1893.555952,52,18.909664
-3049.706931,52,18.925897
-276.814593,52,18.943737
-3880.84579,52,18.960617
-812.882484,52,18.977815
-1581.547353,52,18.994329
-847.844901,52,19.010776
-1995.489704,52,19.027831
-1915.085168,52,19.044085
-2848.262377,52,19.061009
-932.487101,52,19.077364
-1042.404179,52,19.093877
-3220.570349,52,19.111891
-5442.564779,52,19.128282
-3462.040996,52,19.145588
-4489.300673,52,19.162029
-2966.244046,52,19.178283
-6174.97182,52,19.195158
-3986.059078,52,19.21133
-3077.248388,52,19.228264
-5423.60164,52,19.244446
-4640.704897,52,19.261458
-4167.048449,52,19.279166
-4889.878143,52,19.297748
-3450.692534,52,19.316171
-7532.297104,52,19.332799
-5213.850507,52,19.349214
-9502.647282,52,19.366182
-3871.27297,52,19.38229
-4063.519407,52,19.399363
-3811.83909,52,19.415826
-3362.265369,52,19.433459
-5841.848899,52,19.450893
-2049.320769,52,19.467397
-7145.81075,52,19.484504
-2423.526225,52,19.501111
-2658.243598,52,19.517619
-1451.047874,52,19.534633
-1128.454022,52,19.550878
-3387.799971,52,19.567829
-3229.35297,52,19.58479
-3409.226903,52,19.601636
-341.928017,52,19.618883
-916.014306,52,19.6353
-625.315304,52,19.652404
-1344.549485,52,19.668617
-3004.286555,52,19.685074
-1856.903068,52,19.702107
-4191.645203,52,19.718421
-3258.189242,52,19.735355
-1236.317727,52,19.752828
-1649.232486,52,19.769506
-1730.844741,52,19.786649
-2001.844885,52,19.803123
-3706.297258,52,19.820209
-4351.967861,52,19.83654
-5859.13945,52,19.852748
-3604.13807,52,19.869852
-8306.260505,52,19.886021
-2864.824332,52,19.903212
-2836.904144,52,19.921083
-2229.26105,52,19.937644
-1298.529949,52,19.954734
-5164.554361,52,19.970981
-5127.851737,52,19.988105
-7074.466741,52,20.004292
-7852.455277,52,20.02051
-4114.241177,52,20.037499
-3246.50237,52,20.053866
-1198.278665,52,20.071958
-4190.365194,52,20.088775
-2784.654698,52,20.105187
-757.412483,52,20.122203
-2870.513044,52,20.138458
-1866.994796,52,20.155528
-1664.952353,52,20.171804
-1068.439847,52,20.188068
-3001.147339,52,20.206734
-367.117323,52,20.225509
-2704.460264,52,20.246045
-1189.677228,52,20.264716
-2057.661275,52,20.282936
-2370.250299,52,20.301617
-1303.10755,52,20.31926
-2644.97489,52,20.336721
-1467.272489,52,20.353111
-4210.274365,52,20.369453
-1577.476484,52,20.386588
-906.509175,52,20.403942
-3033.235422,52,20.422116
-3933.288443,52,20.438543
-3679.816297,52,20.455104
-3141.904852,52,20.472331
-4424.445352,52,20.488798
-4928.165376,52,20.506088
-2057.012424,52,20.522312
-1770.613404,52,20.538599
-691.553446,52,20.555652
-727.795513,52,20.572834
-439.946449,52,20.590246
-1610.438808,52,20.606977
-2563.344308,52,20.623366
-2458.191317,52,20.640497
-3186.264282,52,20.65678
-1173.521231,52,20.673824
-1820.853493,52,20.690175
-2043.87829,52,20.706403
-846.139712,52,20.723485
-1324.273198,52,20.74205
-1074.598255,52,20.759418
-1757.717309,52,20.775784
-246.922926,52,20.792367
-1672.267609,52,20.809505
-2095.758363,52,20.825815
-690.516764,52,20.842849
-1454.02817,52,20.859113
-861.89031,52,20.875391
-1329.418304,52,20.893276
-652.582368,52,20.910071
-2532.968723,52,20.928262
-842.174186,52,20.94714
-810.800591,52,20.965681
-830.746946,52,20.985008
-2467.384302,52,21.003148
-519.17024,52,21.022943
-884.863788,52,21.041952
-1527.143204,52,21.061031
-949.23573,52,21.085482
-1056.992332,52,21.104475
-1586.100131,52,21.125577
-1033.729259,52,21.144778
-1549.87097,52,21.163023
-2639.849454,52,21.180239
-2733.997166,52,21.196771
-2797.20951,52,21.213888
-1074.6666,52,21.23015
-460.71753,52,21.246777
-967.693072,52,21.265
-751.127454,52,21.281257
-686.22762,52,21.298608
-994.080923,52,21.315145
-1251.840195,52,21.331459
-1064.39938,52,21.348359
-1205.062777,52,21.36454
-524.056824,52,21.381472
-1642.470812,52,21.397667
-1147.485042,52,21.415012
-2081.915658,52,21.432222
-2064.748389,52,21.448518
-1498.737793,52,21.465504
-3683.280761,52,21.481916
-2425.462015,52,21.498396
-1966.941249,52,21.51565
-345.544066,52,21.53182
-590.899965,52,21.548622
-383.19089,52,21.564955
-1472.562367,52,21.582142
-1490.44024,52,21.599313
-481.14093,52,21.615599
-542.125917,52,21.63275
-1186.218502,52,21.648914
-824.050838,52,21.665156
-334.417089,52,21.682124
-1099.484209,52,21.698247
-1021.183269,52,21.71535
-1536.424811,52,21.732351
-1843.856943,52,21.749042
-712.665634,52,21.766175
-527.460949,52,21.782321
-1804.895179,52,21.79938
-1283.921054,52,21.815885
-2219.068459,52,21.832098
-989.477113,52,21.849136
-1041.335994,52,21.86532
-911.416217,52,21.882204
-566.835681,52,21.899737
-849.77843,52,21.916029
-1567.223875,52,21.933046
-1078.056696,52,21.949336
-1582.616102,52,21.966262
-2268.123449,52,21.982501
-2010.955663,52,21.998664
-1211.470327,52,22.015558
-2014.737689,52,22.031757
-1318.023642,52,22.048743
-1450.312787,52,22.065975
-678.320797,52,22.082476
-1298.809142,52,22.099649
-2934.958502,52,22.115936
-1024.872813,52,22.132833
-648.35492,52,22.148988
-959.242402,52,22.165256
-1111.866326,52,22.182128
-1125.404893,52,22.198305
-1749.929966,52,22.216319
-827.356991,52,22.232598
-378.985203,52,22.248662
-746.033274,52,22.265637
-1172.153672,52,22.281929
-1736.950221,52,22.298996
-857.19177,52,22.315315
-1892.859815,52,22.331524
-751.648651,52,22.348495
-2990.271776,52,22.364891
-1619.193715,52,22.38271
-2692.901714,52,22.399258
-1634.541108,52,22.415512
-2050.716778,52,22.432607
-1117.792045,52,22.448829
-2576.865071,52,22.465835
-912.366963,52,22.481977
-1389.421223,52,22.498148
-1399.989395,52,22.515115
-668.949929,52,22.53195
-771.8381,52,22.549523
-925.624642,52,22.565988
-3430.584114,52,22.582279
-1387.916653,52,22.599278
-615.969034,52,22.615518
-1227.823609,52,22.632531
-1042.163048,52,22.648726
-777.485381,52,22.664923
-626.936978,52,22.681765
-358.16719,52,22.699292
-1119.142626,52,22.7164
-1933.282173,52,22.732696
-816.434309,52,22.74915
-1113.141679,52,22.766111
-954.528529,52,22.78249
-207.471237,52,22.799496
-1601.276209,52,22.815669
-411.155848,52,22.831789
-671.5374,52,22.848827
-1023.83129,52,22.866158
-741.716406,52,22.883248
-644.484147,52,22.899664
-808.358571,52,22.915936
-953.924593,52,22.932969
-553.975109,52,22.949248
-673.309664,52,22.966226
-815.279118,52,22.982413
-766.35745,52,22.998531
-1497.553033,52,23.016457
-582.744811,52,23.032945
-651.297099,52,23.050159
-1276.412467,52,23.06663
-598.294938,52,23.082906
-496.04175,52,23.099902
-1264.985366,52,23.116271
-558.709866,52,23.133199
-580.176658,52,23.149377
-871.066991,52,23.16559
-257.444161,52,23.183715
-279.368345,52,23.20001
-521.419467,52,23.217016
-696.994773,52,23.233406
-170.684,52,23.249625
-240.302115,52,23.266677
-457.68023,52,23.282898
-844.948739,52,23.299805
-614.149044,52,23.316054
-888.44065,52,23.332497
-1186.398148,52,23.350478
-527.563881,52,23.366881
-997.578272,52,23.383995
-316.424573,52,23.400301
-523.016785,52,23.416558
-283.22339,52,23.433638
-205.261866,52,23.449776
-745.480439,52,23.466692
-228.172911,52,23.482906
-578.878529,52,23.500414
-609.257767,52,23.517825
-781.92048,52,23.534188
-388.458973,52,23.551443
-340.123071,52,23.567812
-336.992268,52,23.583946
-482.049216,52,23.600978
-231.42331,52,23.61712
-315.330758,52,23.634031
-1298.062724,52,23.650517
-432.655195,52,23.667904
-311.584657,52,23.684982
-453.147831,52,23.701236
-910.74716,52,23.718242
-497.861458,52,23.734569
-361.752315,52,23.750771
-220.126245,52,23.767754
-515.79737,52,23.783952
-584.908642,52,23.800928
-414.256896,52,23.817939
-170.817642,52,23.834855
-307.332131,52,23.852044
-222.978854,52,23.868324
-242.526236,52,23.885245
-500.534516,52,23.901435
-476.011747,52,23.917718
-375.37306,52,23.934647
-306.874904,52,23.950912
-226.977395,52,23.967834
-272.487795,52,23.984893
-1015.053066,52,24.001209
-227.096167,52,24.018312
-211.273609,52,24.034393
-317.575631,52,24.051261
-1166.561222,52,24.067667
-369.610561,52,24.083848
-186.378123,52,24.100806
-1667.011129,52,24.116939
-1114.658127,52,24.134209
-834.93744,52,24.151705
-358.334,52,24.16833
-764.520338,52,24.185449
-605.740485,52,24.20184
-1389.248177,52,24.218851
-721.79166,52,24.235208
-1006.780646,52,24.251322
-379.696995,52,24.26828
-438.799427,52,24.284979
-1458.594775,52,24.305227
-560.715259,52,24.32322
-718.131845,52,24.339959
-600.679101,52,24.357153
-1386.119676,52,24.373391
-686.844605,52,24.390422
-444.734729,52,24.406691
-653.246615,52,24.42287
-456.967779,52,24.439881
-1171.359898,52,24.456323
-570.545107,52,24.473991
-270.927084,52,24.490389
-1118.251635,52,24.506796
-705.022545,52,24.524345
-1379.891054,52,24.540661
-819.549001,52,24.557698
-931.083121,52,24.574044
-1012.369026,52,24.590264
-865.357626,52,24.607239
-1157.201266,52,24.624037
-849.745732,52,24.641706
-969.14445,52,24.658262
-301.381995,52,24.674508
-527.862294,52,24.691437
-881.147021,52,24.707733
-575.625839,52,24.724654
-912.860181,52,24.740866
-1135.374548,52,24.75711
-728.771844,52,24.774271
-801.762007,52,24.79109
-212.169149,52,24.808396
-271.363729,52,24.824737
-542.939639,52,24.841099
-251.128933,52,24.858159
-248.106633,52,24.876681
-848.992741,52,24.893453
-517.318302,52,24.909618
-894.697792,52,24.925817
-230.283817,52,24.942937
-497.478853,52,24.960033
-219.610058,52,24.977294
-929.020728,52,24.993684
-557.782536,52,25.00989
-345.646946,52,25.026808
-352.526363,52,25.042944
-687.695542,52,25.059903
-347.719837,52,25.075896
-301.133596,52,25.092041
-284.552757,52,25.110784
-478.436479,52,25.127978
-219.718266,52,25.145273
-209.106492,52,25.161894
-290.927987,52,25.1784
-285.389395,52,25.197878
-471.699775,52,25.214437
-345.318798,52,25.231493
-288.852758,52,25.247765
-526.410014,52,25.263999
-397.331658,52,25.282185
-352.580122,52,25.298492
-587.520169,52,25.315655
-227.258871,52,25.332027
-556.471826,52,25.348426
-261.194288,52,25.365449
-182.475101,52,25.381749
-189.104441,52,25.398637
-250.790166,52,25.414849
-1345.582501,52,25.431334
-337.073297,52,25.449177
-345.670432,52,25.465702
-422.903029,52,25.482755
-494.447048,52,25.498925
-555.753839,52,25.515252
-214.707909,52,25.532701
-237.600501,52,25.548893
-650.376044,52,25.565806
-252.375038,52,25.582012
-520.177371,52,25.599277
-291.711687,52,25.616512
-227.589102,52,25.632831
-439.970732,52,25.649845
-655.362207,52,25.666186
-238.691895,52,25.682408
-221.448374,52,25.699468
-265.153696,52,25.715764
-309.437888,52,25.732723
-217.403429,52,25.749058
-503.230476,52,25.766083
-400.576762,52,25.783337
-220.60204,52,25.799596
-252.52861,52,25.816798
-276.129185,52,25.833015
-331.283114,52,25.849246
-423.614465,52,25.866231
-353.251114,52,25.882397
-194.202448,52,25.899317
-189.403667,52,25.916334
-265.950262,52,25.93307
-400.602881,52,25.9502
-654.826945,52,25.966474
-439.356186,52,25.983459
-435.585013,52,25.999574
-448.392294,52,26.015826
-270.618104,52,26.032787
-281.117553,52,26.048949
-439.875909,52,26.065745
-249.986807,52,26.083143
-411.802621,52,26.099716
-836.997415,52,26.116998
-216.783678,52,26.133329
-250.446068,52,26.150261
-281.061025,52,26.166482
-216.178356,52,26.182603
-210.273179,52,26.1995
-438.052336,52,26.215757
-196.004603,52,26.232924
-392.508824,52,26.249985
-188.075056,52,26.266379
-342.38801,52,26.283367
-248.06832,52,26.299746
-690.501941,52,26.31686
-378.647869,52,26.333217
-610.8718,52,26.349337
-199.118286,52,26.3663
-231.911781,52,26.382484
-307.643399,52,26.40011
-596.394963,52,26.416902
-555.220452,52,26.433376
-533.10172,52,26.450473
-207.068848,52,26.466714
-1141.520921,52,26.483732
-675.443432,52,26.499965
-407.978852,52,26.516116
-643.101107,52,26.533267
-417.369816,52,26.549558
-686.513574,52,26.567718
-837.54684,52,26.584234
-555.727202,52,26.600563
-735.167679,52,26.617802
-197.087723,52,26.63408
-234.015332,52,26.651019
-191.658033,52,26.667175
-237.043892,52,26.683346
-446.239398,52,26.700283
-397.055119,52,26.71723
-483.03306,52,26.734847
-423.362034,52,26.751347
-522.864378,52,26.767619
-257.251412,52,26.784479
-679.530585,52,26.800808
-361.88502,52,26.817785
-347.683804,52,26.833987
-195.320103,52,26.850269
-465.243907,52,26.867166
-211.502225,52,26.884229
-211.316981,52,26.901151
-322.001177,52,26.917623
-259.136404,52,26.933839
-244.642768,52,26.950784
-261.546003,52,26.966976
-322.364184,52,26.983838
-212.682644,52,27.000017
-408.653184,52,27.016232
-635.269858,52,27.03334
-266.069798,52,27.050453
-685.376805,52,27.067555
-313.049577,52,27.083757
-234.937418,52,27.099928
-264.983001,52,27.11693
-382.614562,52,27.133164
-234.020401,52,27.150133
-261.60998,52,27.166299
-502.950624,52,27.182335
-381.965532,52,27.200043
-175.758531,52,27.216674
-356.384621,52,27.233802
-437.770959,52,27.250238
-197.706494,52,27.266566
-203.513472,52,27.283549
-401.220052,52,27.299739
-191.528302,52,27.316635
-254.41453,52,27.332831
-420.218766,52,27.348966
-383.38767,52,27.366958
-324.374164,52,27.38332
-403.528638,52,27.400485
-234.657912,52,27.416789
-785.154586,52,27.4329
-193.508321,52,27.449956
-351.087278,52,27.466072
-192.339328,52,27.48298
-339.123214,52,27.499017
-195.080166,52,27.515315
-197.312347,52,27.533808
-282.178326,52,27.55009
-433.844493,52,27.567123
-453.816394,52,27.583121
-194.851559,52,27.599131
-515.283421,52,27.616133
-269.72352,52,27.632257
-506.632355,52,27.649025
-373.178369,52,27.665142
-210.694807,52,27.681855
-180.24852,52,27.699853
-198.501163,52,27.716114
-490.818115,52,27.733275
-249.369954,52,27.74934
-457.525843,52,27.765462
-188.762101,52,27.782518
-212.797764,52,27.798606
-497.167224,52,27.815592
-443.995087,52,27.83192
-243.73735,52,27.849433
-870.910218,52,27.867901
-452.467483,52,27.886926
-197.096794,52,27.90545
-1191.837658,52,27.923085
-353.759089,52,27.940734
-185.249068,52,27.959117
-165.980095,52,27.976697
-267.915604,52,27.995094
-507.248475,52,28.013953
-744.470267,52,28.032118
-242.689221,52,28.050293
-454.812226,52,28.068945
-289.177901,52,28.087634
-552.336023,52,28.105531
-825.197829,52,28.123041
-1251.606615,52,28.141571
-264.396355,52,28.159175
-503.247596,52,28.177635
-188.574996,52,28.197091
-304.511275,52,28.214598
-214.430941,52,28.234837
-149.681402,52,28.254888
-182.226112,52,28.273584
-172.805525,52,28.291327
-795.29379,52,28.309012
-480.546283,52,28.327578
-450.889703,52,28.345458
-569.60415,52,28.364325
-355.356876,52,28.383459
-303.072441,52,28.401252
-651.043738,52,28.419981
-269.584189,52,28.438395
-260.999143,52,28.459535
-715.427739,52,28.482708
-154.986595,52,28.512263
-440.170853,52,28.534551
-266.280137,52,28.554441
-206.139286,52,28.57673
-278.167428,52,28.598024
-164.313083,52,28.616633
-188.317108,52,28.634961
-354.479085,52,28.652511
-742.491178,52,28.6715
-234.266345,52,28.689397
-347.383304,52,28.707266
-443.47833,52,28.731832
-270.153021,52,28.750075
-848.08537,52,28.770498
-368.724758,52,28.788815
-204.183779,52,28.806424
-439.43111,52,28.832477
-253.986892,52,28.851009
-218.288379,52,28.869346
-220.457452,52,28.886377
-191.223842,52,28.903503
-185.782668,52,28.921643
-339.726176,52,28.941427
-230.849413,52,28.970151
-338.250648,52,28.987615
-627.306437,52,29.005072
-314.43802,52,29.023046
-207.991227,52,29.040627
-208.10655,52,29.059432
-354.423828,52,29.076367
-189.520597,52,29.104
-224.23291,52,29.122167
-179.562926,52,29.14148
-160.77658,52,29.160658
-1210.686665,52,29.178152
-249.453885,52,29.19616
-277.125914,52,29.226014
-179.42347,52,29.243457
-497.671187,52,29.261802
-364.968916,52,29.279671
-196.390937,52,29.300457
-232.759685,52,29.321559
-259.130498,52,29.340684
-442.137662,52,29.359354
-173.537229,52,29.3908
-576.281692,52,29.408774
-187.227565,52,29.428181
-296.989938,52,29.44757
-241.554148,52,29.466631
-380.572249,52,29.485195
-181.697,52,29.503064
-191.783083,52,29.524347
-550.099641,52,29.542976
-504.334615,52,29.561664
-498.45403,52,29.583775
-364.582023,52,29.602471
-179.987656,52,29.621191
-395.63452,52,29.642882
-605.246063,52,29.666573
-189.328708,52,29.683596
-249.622541,52,29.700072
-196.031285,52,29.718756
-375.148386,52,29.735309
-217.071635,52,29.752877
-460.515894,52,29.769228
-608.471476,52,29.785441
-272.618404,52,29.802371
-141.229356,52,29.818704
-1381.43567,52,29.836547
-276.219583,52,29.853164
-549.773976,52,29.871752
-353.431868,52,29.892626
-1077.944908,52,29.910312
-273.61747,52,29.928206
-312.345261,52,29.945302
-289.299657,52,29.963012
-681.323898,52,29.980172
-280.068446,52,29.996419
-534.316527,52,30.013495
-212.661208,52,30.029909
-439.705139,52,30.047379
-200.675145,52,30.064446
-288.310947,52,30.081071
-191.1584,52,30.097943
-181.513211,52,30.114053
-637.125409,52,30.13047
-282.73095,52,30.147549
-214.490655,52,30.163705
-282.783481,52,30.180483
-661.952021,52,30.196826
-344.150902,52,30.214125
-243.384115,52,30.231354
-214.666673,52,30.247597
-576.478791,52,30.264842
-196.617801,52,30.280892
-214.435089,52,30.296974
-1016.920505,52,30.31395
-310.80466,52,30.330267
-392.729485,52,30.347159
-208.183572,52,30.364187
-295.706971,52,30.380825
-162.620616,52,30.398182
-231.014045,52,30.414432
-234.347225,52,30.431233
-569.8894,52,30.447473
-839.047505,52,30.463635
-204.296769,52,30.480492
-234.972174,52,30.496558
-591.031975,52,30.513393
-550.285548,52,30.530827
-407.710287,52,30.547359
-264.965979,52,30.56431
-539.124803,52,30.580595
-270.964612,52,30.597521
-163.295504,52,30.613738
-181.288962,52,30.629898
-556.890436,52,30.646786
-512.611713,52,30.663014
-465.523037,52,30.679945
-545.307874,52,30.697028
-291.809518,52,30.713284
-161.007596,52,30.730041
-910.099314,52,30.746207
-339.760745,52,30.763116
-432.572603,52,30.779247
-304.657533,52,30.795523
-1198.482221,52,30.81238
-696.202044,52,30.82843
-189.901643,52,30.84701
-242.703734,52,30.863481
-360.121886,52,30.879547
-1051.849787,52,30.896459
-586.417746,52,30.912521
-595.600856,52,30.929343
-189.844171,52,30.945466
-223.606783,52,30.961665
-315.700387,52,30.978434
-155.194676,52,30.995031
-167.136121,52,31.014812
-222.197445,52,31.032771
-629.517237,52,31.051366
-324.802868,52,31.069867
-246.316463,52,31.087656
-178.108654,52,31.105896
-173.798477,52,31.124358
-156.575606,52,31.155039
-319.982457,52,31.199367
-523.410719,52,31.249066
-288.317432,52,31.289109
-839.112337,52,31.31134
-663.431294,52,31.330998
-268.862326,52,31.351942
-281.241909,52,31.373354
-604.445847,52,31.394602
-348.464479,52,31.411582
-196.082975,52,31.427849
-510.204792,52,31.445529
-455.468898,52,31.463554
-361.69471,52,31.480981
-384.380088,52,31.497664
-223.014556,52,31.514118
-314.917718,52,31.531039
-193.654092,52,31.548358
-179.344292,52,31.565469
-276.534115,52,31.581704
-164.18028,52,31.597886
-277.192384,52,31.614898
-341.907788,52,31.63216
-205.367157,52,31.649432
-480.73225,52,31.665828
-508.340536,52,31.682197
-294.546336,52,31.699175
-194.564046,52,31.715317
-293.258,52,31.732266
-179.048317,52,31.748431
-356.300601,52,31.764613
-420.542098,52,31.782708
-167.52238,52,31.799114
-190.139971,52,31.816286
-197.037165,52,31.832622
-326.857177,52,31.848905
-452.395159,52,31.866023
-354.75887,52,31.882166
-236.413402,52,31.89913
-297.330445,52,31.915339
-187.656806,52,31.931494
-381.936874,52,31.94988
-488.531053,52,31.966375
-330.52748,52,31.98335
-250.189277,52,31.99952
-603.204746,52,32.015795
-529.923026,52,32.032869
-148.407234,52,32.049009
-186.697756,52,32.065962
-231.182441,52,32.082105
-258.084773,52,32.098386
-226.932524,52,32.116318
-244.35962,52,32.132857
-705.051996,52,32.149954
-282.404247,52,32.16627
-355.727183,52,32.182447
-209.451589,52,32.199507
-182.753855,52,32.21562
-720.135554,52,32.232522
-382.877808,52,32.248612
-466.241857,52,32.26583
-599.945035,52,32.282961
-358.316907,52,32.299297
-673.278362,52,32.316355
-358.358645,52,32.332461
-470.497364,52,32.348793
-316.253285,52,32.365732
-589.331096,52,32.38194
-152.303136,52,32.398821
-184.084278,52,32.415139
-203.929043,52,32.432211
-406.27262,52,32.449322
-297.049944,52,32.465668
-461.406986,52,32.482601
-193.826168,52,32.49882
-235.641464,52,32.515021
-193.981614,52,32.53185
-214.368039,52,32.548037
-144.577102,52,32.565098
-337.31812,52,32.581898
-157.948575,52,32.598593
-916.283019,52,32.615657
-234.485151,52,32.631839
-164.560576,52,32.648806
-233.31466,52,32.665029
-177.627319,52,32.681191
-169.80854,52,32.698101
-161.071518,52,32.714163
-435.106018,52,32.730948
