rollout/ep_rew_mean,train/explained_variance,train/learning_rate,train/entropy_loss,train/value_loss,time/total_timesteps,train/n_updates,rollout/ep_len_mean,train/policy_loss,time/iterations,time/time_elapsed,time/fps
-288.0240353333333,0.005215048789978027,0.0007,-1.5942981243133545,402.8173828125,500,99,52.0,-28.653579711914062,100,0,3042
-331.5875091052631,-0.009111404418945312,0.0007,-1.5883209705352783,153.17091369628906,1000,199,52.0,-17.77414321899414,200,0,3070
-323.71071296428573,0.005135715007781982,0.0007,-1.6060994863510132,144.85287475585938,1500,299,52.0,-16.37322235107422,300,0,3074
-334.5872434210527,4.8279762268066406e-05,0.0007,-1.5932822227478027,365.75592041015625,2000,399,52.0,-25.630664825439453,400,0,2875
-334.85402814583335,3.409385681152344e-05,0.0007,-1.6026942729949951,346.3979797363281,2500,499,52.0,-29.613332748413086,500,0,2900
-339.97442335087715,0.0002090930938720703,0.0007,-1.6035168170928955,262.096435546875,3000,599,52.0,-22.56827735900879,600,1,2929
-343.79234005970153,-0.0004767179489135742,0.0007,-1.60550856590271,316.81744384765625,3500,699,52.0,-26.646808624267578,700,1,2949
-353.8437065657895,-0.00045990943908691406,0.0007,-1.605588674545288,228.89614868164062,4000,799,52.0,-21.70155906677246,800,1,2964
-359.54821889534884,5.9604644775390625e-06,0.0007,-1.5969939231872559,332.86114501953125,4500,899,52.0,-26.770986557006836,900,1,2977
-352.3817682395833,3.260374069213867e-05,0.0007,-1.6001752614974976,51.08319854736328,5000,999,52.0,-10.507843971252441,1000,1,2987
-361.42919785000004,-3.337860107421875e-06,0.0007,-1.5981433391571045,404.8577575683594,5500,1099,52.0,-28.797643661499023,1100,1,2996
-361.13159005999995,1.7881393432617188e-06,0.0007,-1.5905402898788452,280.9884948730469,6000,1199,52.0,-24.787216186523438,1200,1,3004
-363.96409704000007,-1.3113021850585938e-06,0.0007,-1.5907673835754395,283.8537902832031,6500,1299,52.0,-23.346961975097656,1300,2,3010
-359.38892581,7.092952728271484e-06,0.0007,-1.575080156326294,249.19723510742188,7000,1399,52.0,-24.653793334960938,1400,2,3015
-373.6941992500001,-2.3245811462402344e-05,0.0007,-1.5105551481246948,210.7889404296875,7500,1499,52.0,-19.90276336669922,1500,2,3020
-410.85842753,-1.4543533325195312e-05,0.0007,-1.3093544244766235,141.89895629882812,8000,1599,52.0,-12.4124174118042,1600,2,3025
-480.2888024099999,1.6093254089355469e-06,0.0007,-1.3073570728302002,57.57301712036133,8500,1699,52.0,-7.198747158050537,1700,2,3029
-602.22763531,-1.430511474609375e-06,0.0007,-1.2870633602142334,72815.7578125,9000,1799,52.0,-342.99822998046875,1800,2,3033
-968.98975243,8.26716423034668e-05,0.0007,-0.7721306681632996,100803.2265625,9500,1899,52.0,-69.1734848022461,1900,3,3038
-1617.5404246899998,0.0,0.0007,-0.2883261442184448,459692.3125,10000,1999,52.0,-37.360435485839844,2000,3,3041
-2310.75721587,-5.245208740234375e-06,0.0007,-0.6445700526237488,129094.7890625,10500,2099,52.0,-419.8712463378906,2100,3,3045
-3034.85633252,5.960464477539063e-08,0.0007,-0.25981536507606506,562069.625,11000,2199,52.0,-34.198734283447266,2200,3,3049
-3685.5726584300005,-3.5762786865234375e-07,0.0007,-0.4698368012905121,10744.033203125,11500,2299,52.0,-8.282754898071289,2300,3,3052
-4422.449453690001,-2.384185791015625e-07,0.0007,-0.6043494939804077,426004.4375,12000,2399,52.0,-519.8821411132812,2400,3,3055
-5301.14090426,1.1920928955078125e-07,0.0007,-0.19278354942798615,635931.875,12500,2499,52.0,-26.359146118164062,2500,4,3058
-6130.48180696,-1.1920928955078125e-07,0.0007,-0.23034438490867615,646178.375,13000,2599,52.0,-34.08711242675781,2600,4,3061
-6846.44066129,1.1920928955078125e-07,0.0007,-0.14670169353485107,683491.4375,13500,2699,52.0,-17.117300033569336,2700,4,3061
-7642.182536550003,1.7881393432617188e-07,0.0007,-0.08954723924398422,141339.21875,14000,2799,52.0,-4.959242820739746,2800,4,3064
-8349.71122892,0.0,0.0007,-0.12315712869167328,364670.3125,14500,2899,52.0,-10.925374031066895,2900,4,3065
-8725.33669663,0.0,0.0007,-0.05057625100016594,808879.625,15000,2999,52.0,-5.988061428070068,3000,4,3068
-8937.54191607,1.1920928955078125e-07,0.0007,-0.05818021297454834,566442.8125,15500,3099,52.0,-5.792782783508301,3100,5,3070
-9211.58041502,7.152557373046875e-07,0.0007,-0.036298900842666626,4471.98828125,16000,3199,52.0,-0.11776866018772125,3200,5,3072
-9423.72163303,0.0,0.0007,-0.013749252073466778,368741.3125,16500,3299,52.0,-0.9193596839904785,3300,5,3074
-9668.30081448,-1.1920928955078125e-07,0.0007,-0.025784682482481003,569142.75,17000,3399,52.0,-2.3165268898010254,3400,5,3076
-9756.998415729999,1.1920928955078125e-07,0.0007,-0.026494387537240982,978472.375,17500,3499,52.0,-2.942404270172119,3500,5,3078
-9680.388871789999,0.0,0.0007,-0.5148763656616211,18.8007755279541,18000,3599,52.0,-2.225742816925049,3600,5,3079
-9631.373753759999,0.0,0.0007,-0.5677617788314819,220224.828125,18500,3699,52.0,-69.85511779785156,3700,6,3081
-9423.131359250001,0.0,0.0007,-0.2816318869590759,581436.125,19000,3799,52.0,-45.317909240722656,3800,6,3082
-9160.3163858,0.0,0.0007,-0.6288998126983643,452595.09375,19500,3899,52.0,-124.01713562011719,3900,6,3083
-8804.943278019999,9.5367431640625e-07,0.0007,-0.7820402979850769,11122.1455078125,20000,3999,52.0,-22.486019134521484,4000,6,3084
-8517.535834999999,-1.1920928955078125e-07,0.0007,-0.229056715965271,170819.234375,20500,4099,52.0,-18.712522506713867,4100,6,3085
-8460.660401180001,0.0,0.0007,-0.1672128140926361,529645.625,21000,4199,52.0,-20.97645378112793,4200,6,3086
-8444.03776243,0.0,0.0007,-0.15352582931518555,1010413.625,21500,4299,52.0,-26.18607521057129,4300,6,3087
-8458.03254487,0.0,0.0007,-0.2570658028125763,668242.375,22000,4399,52.0,-40.41653823852539,4400,7,3089
-8056.066604850002,-3.5762786865234375e-07,0.0007,-0.9403244256973267,218142.09375,22500,4499,52.0,-396.413330078125,4500,7,3089
-7694.85316969,0.0,0.0007,-0.734244704246521,83972.921875,23000,4599,52.0,-159.68585205078125,4600,7,3090
-7438.053231520001,-8.344650268554688e-07,0.0007,-0.8932660222053528,406754.09375,23500,4699,52.0,-208.9554901123047,4700,7,3090
-7488.75513052,0.0,0.0007,-0.4587194323539734,287282.0,24000,4799,52.0,-306.781494140625,4800,7,3091
-7516.62760864,0.0,0.0007,-0.26251429319381714,19322.146484375,24500,4899,52.0,-4.809432029724121,4900,7,3092
-7879.434095579999,-1.1920928955078125e-07,0.0007,-0.33376267552375793,418553.90625,25000,4999,52.0,-41.95697021484375,5000,8,3092
-8229.79444339,0.0,0.0007,-0.25820261240005493,548626.5625,25500,5099,52.0,-824.8804931640625,5100,8,3085
-8296.894659780002,0.0,0.0007,-0.28955695033073425,69.67312622070312,26000,5199,52.0,-0.4937443733215332,5200,8,3085
-8049.205771499999,1.1920928955078125e-07,0.0007,-0.5050848722457886,161806.28125,26500,5299,52.0,-258.90081787109375,5300,8,3086
-7624.948659270001,1.1920928955078125e-07,0.0007,-0.6875680685043335,151935.34375,27000,5399,52.0,-113.78730773925781,5400,8,3087
-7433.840494239999,0.0,0.0007,-0.8372681736946106,441439.5,27500,5499,52.0,-476.7505798339844,5500,8,3088
-7369.737015970001,-1.1920928955078125e-07,0.0007,-0.8172289133071899,273889.25,28000,5599,52.0,-427.38897705078125,5600,9,3088
-7562.89751848,0.0,0.0007,-0.5888671875,715110.625,28500,5699,52.0,-296.442138671875,5700,9,3088
-7626.019232130001,0.0,0.0007,-0.8410793542861938,334602.0625,29000,5799,52.0,-312.20831298828125,5800,9,3087
-7427.395394690001,-1.1920928955078125e-07,0.0007,-0.8412831425666809,356221.0625,29500,5899,52.0,-602.8653564453125,5900,9,3087
-7105.134715649999,0.0,0.0007,-1.0643447637557983,31607.26171875,30000,5999,52.0,-140.94683837890625,6000,9,3088
-6503.846571550001,-1.1920928955078125e-07,0.0007,-0.8537744283676147,9613.41796875,30500,6099,52.0,-60.8038215637207,6100,9,3088
-5960.317866459999,0.0,0.0007,-0.8327034711837769,12784.86328125,31000,6199,52.0,-44.48390579223633,6200,10,3087
-5625.785995729999,1.1920928955078125e-07,0.0007,-0.8371413350105286,29.431568145751953,31500,6299,52.0,-9.846027374267578,6300,10,3087
-5300.616037289999,5.960464477539063e-08,0.0007,-0.725176990032196,9.208419799804688,32000,6399,52.0,-1.5581763982772827,6400,10,3087
-5180.516785319999,0.0,0.0007,-0.8405839800834656,48194.2734375,32500,6499,52.0,-87.00736236572266,6500,10,3087
-5135.2108295,-3.5762786865234375e-07,0.0007,-0.8102563619613647,42696.89453125,33000,6599,52.0,-206.77352905273438,6600,10,3087
-5003.41823291,0.0,0.0007,-0.8006175756454468,73537.1953125,33500,6699,52.0,-165.78213500976562,6700,10,3081
-4830.9325022699995,7.033348083496094e-06,0.0007,-0.7756232619285583,13883.501953125,34000,6799,52.0,-87.5309829711914,6800,11,3078
-4803.81926936,0.0,0.0007,-0.7409476041793823,351211.8125,34500,6899,52.0,-805.6531372070312,6900,11,3079
-4938.12371862,0.0,0.0007,-0.7034835815429688,1279.3414306640625,35000,6999,52.0,-9.999296188354492,7000,11,3079
-5054.54609186,0.0,0.0007,-0.9323877096176147,14.780370712280273,35500,7099,52.0,-6.294768810272217,7100,11,3079
-5018.411378739999,0.0,0.0007,-0.9208351969718933,183303.5,36000,7199,52.0,-350.2371826171875,7200,11,3079
-5079.13843274,0.0,0.0007,-1.081416368484497,18.375070571899414,36500,7299,52.0,3.430485248565674,7300,11,3079
-5195.016223399999,0.0,0.0007,-1.099128246307373,0.3354245126247406,37000,7399,52.0,-0.44140177965164185,7400,12,3080
-5168.1974864700005,0.0,0.0007,-1.1096054315567017,3.966217517852783,37500,7499,52.0,2.1233878135681152,7500,12,3080
-5241.75549353,1.1920928955078125e-07,0.0007,-0.8675670623779297,79575.484375,38000,7599,52.0,-266.62261962890625,7600,12,3080
-5261.86882405,-1.1920928955078125e-07,0.0007,-0.8263845443725586,226989.171875,38500,7699,52.0,-303.20794677734375,7700,12,3081
-5411.336387480002,0.0,0.0007,-0.8068930506706238,123408.2890625,39000,7799,52.0,-219.11660766601562,7800,12,3081
-5442.1841988,0.0,0.0007,-0.4714411199092865,377856.0,39500,7899,52.0,-70.60859680175781,7900,12,3082
-5470.454762949999,0.0,0.0007,-0.7506132125854492,143505.375,40000,7999,52.0,-106.95003509521484,8000,12,3082
-5321.92914543,0.0,0.0007,-0.4864639341831207,19150.58984375,40500,8099,52.0,-169.5191192626953,8100,13,3082
-5885.200666489999,0.0,0.0007,-0.18811467289924622,91338.2109375,41000,8199,52.0,-11.006345748901367,8200,13,3083
-6310.46666416,-1.1920928955078125e-07,0.0007,-0.14688581228256226,756252.875,41500,8299,52.0,-19.411794662475586,8300,13,3083
-6736.141920870001,1.7881393432617188e-07,0.0007,-0.17943215370178223,159979.421875,42000,8399,52.0,-12.80744743347168,8400,13,3084
-7150.101335120001,0.0,0.0007,-0.5153812766075134,44657.2109375,42500,8499,52.0,-131.27320861816406,8500,13,3084
-7395.46591021,-3.5762786865234375e-07,0.0007,-0.46229058504104614,448400.90625,43000,8599,52.0,-84.74712371826172,8600,13,3085
-7710.462691999998,0.0,0.0007,-0.1224108338356018,704077.9375,43500,8699,52.0,-16.829181671142578,8700,14,3086
-8254.96611499,0.0,0.0007,-0.22843989729881287,57674.4453125,44000,8799,52.0,-5.040630340576172,8800,14,3086
-8538.0628151,0.0,0.0007,-0.09895744174718857,324898.125,44500,8899,52.0,-8.162922859191895,8900,14,3086
-8837.733898319999,1.1920928955078125e-07,0.0007,-0.1444084793329239,1069880.25,45000,8999,52.0,-25.483322143554688,9000,14,3086
-9206.09185286,5.960464477539063e-08,0.0007,-0.1846017986536026,488810.0,45500,9099,52.0,-22.179244995117188,9100,14,3086
-9364.40491521,0.0,0.0007,-0.2919768989086151,269953.8125,46000,9199,52.0,-29.190948486328125,9200,14,3087
-9351.646986199998,0.0,0.0007,-0.3947327733039856,151285.96875,46500,9299,52.0,-212.03604125976562,9300,15,3088
-9254.578263919999,0.0,0.0007,-0.4694194197654724,253912.90625,47000,9399,52.0,-52.567626953125,9400,15,3087
-9209.00576577,-1.1920928955078125e-07,0.0007,-0.32181838154792786,283544.3125,47500,9499,52.0,-574.4024658203125,9500,15,3088
-9433.20764252,0.0,0.0007,-0.531792938709259,674937.1875,48000,9599,52.0,-555.7988891601562,9600,15,3088
-9355.074605299998,9.5367431640625e-07,0.0007,-0.6956907510757446,90411.7890625,48500,9699,52.0,-298.3134765625,9700,15,3089
-9156.261592269999,0.0,0.0007,-0.8958728909492493,12.80567455291748,49000,9799,52.0,4.64479923248291,9800,15,3089
-8891.90218982,0.0,0.0007,-0.8729618787765503,432242.84375,49500,9899,52.0,-467.510498046875,9900,16,3089
-8151.28662985,0.0,0.0007,-1.058823823928833,25.665313720703125,50000,9999,52.0,-7.575566291809082,10000,16,3090
-7510.94064186,0.0,0.0007,-1.1680901050567627,19.243175506591797,50500,10099,52.0,6.118846893310547,10100,16,3090
-6864.643384189999,-1.1920928955078125e-07,0.0007,-1.3114674091339111,33.12108612060547,51000,10199,52.0,-8.315463066101074,10200,16,3090
-6292.572333419999,1.1920928955078125e-07,0.0007,-1.175997257232666,166117.765625,51500,10299,52.0,-285.4130859375,10300,16,3090
-5705.67701612,0.0,0.0007,-0.8907197713851929,1442683.0,52000,10399,52.0,-450.31317138671875,10400,16,3090
-5499.3104858,0.0,0.0007,-1.0314744710922241,17.509428024291992,52500,10499,52.0,4.761295318603516,10500,16,3090
-4829.348258069999,1.1920928955078125e-07,0.0007,-1.2077158689498901,66.6239013671875,53000,10599,52.0,8.40544319152832,10600,17,3090
-4307.30142505,0.0,0.0007,-1.2218408584594727,6.709108829498291,53500,10699,52.0,2.5513405799865723,10700,17,3091
-3954.33272867,1.1920928955078125e-07,0.0007,-1.1941713094711304,32804.3359375,54000,10799,52.0,-163.23422241210938,10800,17,3091
-3435.4924407000003,0.0,0.0007,-1.2237048149108887,26016.201171875,54500,10899,52.0,-170.41860961914062,10900,17,3091
-3142.11664466,0.0,0.0007,-1.2543402910232544,4.912849426269531,55000,10999,52.0,1.4905550479888916,11000,17,3091
-3084.1338439200003,0.0,0.0007,-1.2007701396942139,24687.955078125,55500,11099,52.0,-118.7667465209961,11100,17,3091
-3076.47178311,0.0,0.0007,-1.2060136795043945,648036.5625,56000,11199,52.0,-719.9732666015625,11200,18,3091
-3074.5603411300003,0.0,0.0007,-1.1198396682739258,42.595787048339844,56500,11299,52.0,7.409849643707275,11300,18,3091
-2920.59522298,0.0,0.0007,-1.1451263427734375,31.97705078125,57000,11399,52.0,5.161004066467285,11400,18,3091
-2667.65893584,-9.5367431640625e-07,0.0007,-1.3265738487243652,26241.57421875,57500,11499,52.0,-193.83372497558594,11500,18,3091
-2521.65407744,0.0,0.0007,-1.192096471786499,79.29782104492188,58000,11599,52.0,3.979987382888794,11600,18,3091
-2466.5459164900003,0.0,0.0007,-1.324416995048523,37149.4453125,58500,11699,52.0,-107.655029296875,11700,18,3091
-2339.37936939,0.0,0.0007,-1.0438627004623413,3252.98095703125,59000,11799,52.0,-37.656166076660156,11800,19,3091
-2462.42353543,-1.1920928955078125e-07,0.0007,-1.178540825843811,31438.287109375,59500,11899,52.0,-181.8420867919922,11900,19,3091
-2675.0895248499996,-3.5762786865234375e-07,0.0007,-1.2042615413665771,117187.921875,60000,11999,52.0,-265.6280212402344,12000,19,3091
-2821.7177616100003,0.0,0.0007,-0.9609195590019226,42265.7890625,60500,12099,52.0,-158.78082275390625,12100,19,3091
-2737.99969616,0.0,0.0007,-1.2021763324737549,1.0561950206756592,61000,12199,52.0,1.1229547262191772,12200,19,3091
-2900.8784394699996,0.0,0.0007,-0.8907243609428406,1593.6978759765625,61500,12299,52.0,-32.51061248779297,12300,19,3091
-3070.72556499,0.0,0.0007,-1.296221137046814,149487.03125,62000,12399,52.0,-346.71026611328125,12400,20,3091
-3045.5866261300002,5.960464477539063e-08,0.0007,-1.0630412101745605,2.3664004802703857,62500,12499,52.0,-2.7087388038635254,12500,20,3091
-2922.5241278000003,0.0,0.0007,-0.7190837264060974,20617.509765625,63000,12599,52.0,-82.39399719238281,12600,20,3089
-3079.23397213,0.0,0.0007,-1.2689660787582397,10.492223739624023,63500,12699,52.0,2.260117292404175,12700,20,3089
-3078.872518,0.0,0.0007,-0.8312793970108032,31.568883895874023,64000,12799,52.0,6.0950164794921875,12800,20,3089
-2915.96915044,0.0,0.0007,-1.2748068571090698,10493.5517578125,64500,12899,52.0,-113.99520111083984,12900,20,3089
-2554.3781513599997,0.0,0.0007,-1.2629246711730957,11396.2705078125,65000,12999,52.0,-100.0523452758789,13000,21,3086
-2287.87415527,-1.1920928955078125e-07,0.0007,-0.8574301600456238,2.957317352294922,65500,13099,52.0,-0.21727709472179413,13100,21,3084
-2198.43159664,0.0,0.0007,-1.1344101428985596,100.27471160888672,66000,13199,52.0,7.012982368469238,13200,21,3084
-2130.12613437,0.0,0.0007,-0.9344642758369446,18.44438362121582,66500,13299,52.0,1.9357551336288452,13300,21,3084
-1802.0399622899995,0.0,0.0007,-1.113825798034668,30.360366821289062,67000,13399,52.0,5.543126106262207,13400,21,3085
-1571.1863413700003,-1.1920928955078125e-07,0.0007,-1.068621039390564,0.5920114517211914,67500,13499,52.0,-0.05306466668844223,13500,21,3085
-1545.41618571,-1.1920928955078125e-07,0.0007,-0.33293336629867554,0.4637071490287781,68000,13599,52.0,0.22445492446422577,13600,22,3085
-1380.72587026,1.1920928955078125e-07,0.0007,-1.3874047994613647,249.7089080810547,68500,13699,52.0,-10.67461109161377,13700,22,3085
-1309.3863554400002,0.0,0.0007,-1.371351957321167,163356.46875,69000,13799,52.0,-364.1463928222656,13800,22,3086
-1341.7625902700006,0.0,0.0007,-0.5322666168212891,16.597124099731445,69500,13899,52.0,-2.5228590965270996,13900,22,3086
-1335.5066579000004,0.0,0.0007,-1.2972549200057983,22.59187889099121,70000,13999,52.0,5.408242225646973,14000,22,3086
-1304.90775634,-1.1920928955078125e-07,0.0007,-1.4758926630020142,11853.39453125,70500,14099,52.0,-127.77169036865234,14100,22,3086
-1237.86139858,-1.1920928955078125e-07,0.0007,-1.0535131692886353,290.088134765625,71000,14199,52.0,-0.32930833101272583,14200,23,3086
-1148.25803386,0.0,0.0007,-1.359867811203003,1007.1334838867188,71500,14299,52.0,-14.999506950378418,14300,23,3087
-1104.4973013400001,0.0,0.0007,-1.1918034553527832,38.87316131591797,72000,14399,52.0,-4.3096818923950195,14400,23,3087
-1053.6293107400002,0.0,0.0007,-1.1273972988128662,11.334803581237793,72500,14499,52.0,2.885366916656494,14500,23,3087
-986.2155687899999,0.0,0.0007,-1.1539278030395508,799.5731201171875,73000,14599,52.0,-25.64285659790039,14600,23,3087
-879.97615665,-1.1920928955078125e-07,0.0007,-1.3386516571044922,8018.38916015625,73500,14699,52.0,-71.85877227783203,14700,23,3087
-807.8502117799998,1.1920928955078125e-07,0.0007,-0.8750953674316406,5.063473701477051,74000,14799,52.0,-1.835910439491272,14800,23,3087
-706.1095110900001,0.0,0.0007,-0.8445631861686707,34.35355758666992,74500,14899,52.0,2.9203414916992188,14900,24,3088
-641.4593328000001,0.0,0.0007,-0.8051756024360657,11.55259895324707,75000,14999,52.0,2.7094638347625732,15000,24,3088
-620.97390671,0.0,0.0007,-1.4990192651748657,518.3863525390625,75500,15099,52.0,-22.91426658630371,15100,24,3087
-629.23462538,0.0,0.0007,-0.7397493124008179,4894.56396484375,76000,15199,52.0,-29.456222534179688,15200,24,3088
-630.5131226899999,0.0,0.0007,-0.891413688659668,6.491281032562256,76500,15299,52.0,2.4398210048675537,15300,24,3088
-624.3894156700001,-1.1920928955078125e-07,0.0007,-0.7009959816932678,10.251317024230957,77000,15399,52.0,1.4046478271484375,15400,24,3088
-603.11337406,0.0,0.0007,-0.8607605695724487,1.2693907022476196,77500,15499,52.0,1.4107753038406372,15500,25,3088
-592.13980433,0.0,0.0007,-1.1755766868591309,1864.9586181640625,78000,15599,52.0,-21.787073135375977,15600,25,3087
-572.85844766,-1.1920928955078125e-07,0.0007,-1.1626033782958984,7300.9423828125,78500,15699,52.0,-44.226688385009766,15700,25,3088
-586.0130355699999,0.0,0.0007,-1.1161279678344727,42.68099594116211,79000,15799,52.0,3.283463954925537,15800,25,3088
-583.42123135,-2.384185791015625e-07,0.0007,-0.6031899452209473,1.6291358470916748,79500,15899,52.0,1.325947642326355,15900,25,3088
-530.57945176,5.960464477539063e-08,0.0007,-0.47310057282447815,2.152925968170166,80000,15999,52.0,0.3417322635650635,16000,25,3088
-489.25520000999995,1.1920928955078125e-07,0.0007,-0.8644651174545288,832.2033081054688,80500,16099,52.0,-15.372645378112793,16100,26,3088
-452.66155040000007,0.0,0.0007,-0.8360463380813599,17.704784393310547,81000,16199,52.0,1.934788465499878,16200,26,3088
-404.29409998000006,1.1920928955078125e-07,0.0007,-1.0474302768707275,50.20134735107422,81500,16299,52.0,4.731525897979736,16300,26,3089
-400.64887823000004,0.0,0.0007,-0.8015141487121582,20.85623550415039,82000,16399,52.0,3.73693585395813,16400,26,3089
-393.14318906,1.1920928955078125e-07,0.0007,-0.5598973631858826,0.6326397061347961,82500,16499,52.0,-0.033400267362594604,16500,26,3089
-399.90341614,0.0,0.0007,-0.8153238296508789,9.367204666137695,83000,16599,52.0,3.2215545177459717,16600,26,3089
-386.90743193000003,0.0,0.0007,-0.7015914916992188,134.3179931640625,83500,16699,52.0,-7.06320858001709,16700,27,3089
-380.86631075,0.0,0.0007,-0.6940256953239441,17.682815551757812,84000,16799,52.0,6.134655952453613,16800,27,3090
-373.78549847999994,0.0,0.0007,-0.9486860036849976,5.413945198059082,84500,16899,52.0,3.027770757675171,16900,27,3090
-379.19200499,0.0,0.0007,-0.5929747819900513,5.865881443023682,85000,16999,52.0,0.6655077338218689,17000,27,3090
-376.53025354000005,1.1920928955078125e-07,0.0007,-0.6490090489387512,10.933489799499512,85500,17099,52.0,1.5751852989196777,17100,27,3090
-369.32890396000005,0.0,0.0007,-0.6123936772346497,49.13762283325195,86000,17199,52.0,4.012728214263916,17200,27,3090
-381.02727192,0.0,0.0007,-0.56608647108078,29.914209365844727,86500,17299,52.0,2.6384260654449463,17300,27,3089
-389.7640966099999,-1.1920928955078125e-07,0.0007,-0.47194012999534607,280.99237060546875,87000,17399,52.0,-10.143583297729492,17400,28,3087
-367.5943346300001,0.0,0.0007,-0.29370731115341187,3.6053643226623535,87500,17499,52.0,0.19284513592720032,17500,28,3086
-368.73906081000007,0.0,0.0007,-0.3267003893852234,35.97661209106445,88000,17599,52.0,1.2175941467285156,17600,28,3081
-372.14208838999997,0.0,0.0007,-0.3699980676174164,3.0135138034820557,88500,17699,52.0,2.3463492393493652,17700,28,3078
-368.09593638,1.1920928955078125e-07,0.0007,-0.32917627692222595,0.4439088702201843,89000,17799,52.0,0.1170264258980751,17800,28,3076
-367.10144268,0.0,0.0007,-0.3917415738105774,6.88113260269165,89500,17899,52.0,0.038844961673021317,17900,29,3073
-366.27720127999993,0.0,0.0007,-0.3783169984817505,36.02044677734375,90000,17999,52.0,0.7185227274894714,18000,29,3070
-367.66466368,5.960464477539063e-08,0.0007,-0.4144291281700134,4.6993818283081055,90500,18099,52.0,0.18558554351329803,18100,29,3067
-370.4356318099999,0.0,0.0007,-0.6779991388320923,6.002476692199707,91000,18199,52.0,0.2794989049434662,18200,29,3064
-366.73533191,0.0,0.0007,-0.21754784882068634,2.4111876487731934,91500,18299,52.0,0.22450467944145203,18300,29,3064
-374.74678441,0.0,0.0007,-0.3566102683544159,33.947628021240234,92000,18399,52.0,0.8820165395736694,18400,30,3063
-363.09298657,-1.1920928955078125e-07,0.0007,-0.5989171862602234,47.3353385925293,92500,18499,52.0,2.4059958457946777,18500,30,3064
-361.72242861000007,0.0,0.0007,-0.20229467749595642,211.2203369140625,93000,18599,52.0,-2.533564567565918,18600,30,3064
-362.32580621,0.0,0.0007,-0.294289767742157,11.733353614807129,93500,18699,52.0,0.2400895059108734,18700,30,3064
-362.70025556,0.0,0.0007,-0.36366719007492065,20.355579376220703,94000,18799,52.0,0.835209846496582,18800,30,3064
-387.41133778999995,0.0,0.0007,-0.19275428354740143,42.107330322265625,94500,18899,52.0,0.391635537147522,18900,30,3065
-394.42990917,0.0,0.0007,-0.5059620141983032,23.27457046508789,95000,18999,52.0,0.8613412976264954,19000,30,3065
-389.07092079999995,0.0,0.0007,-0.28010374307632446,12.051420211791992,95500,19099,52.0,-0.055738937109708786,19100,31,3058
-400.40611806999993,1.1920928955078125e-07,0.0007,-0.18356283009052277,5.011497497558594,96000,19199,52.0,0.06963380426168442,19200,31,3053
-392.96730048000006,0.0,0.0007,-0.1260053813457489,13.459729194641113,96500,19299,52.0,0.11082176119089127,19300,31,3053
-375.0007131,5.960464477539063e-08,0.0007,-0.12716993689537048,567.7506103515625,97000,19399,52.0,-0.2106637954711914,19400,31,3053
-366.83866452999996,1.1920928955078125e-07,0.0007,-0.4148957133293152,0.9122638702392578,97500,19499,52.0,0.4687134623527527,19500,31,3053
-368.1721095099999,0.0,0.0007,-0.027804628014564514,0.7856543660163879,98000,19599,52.0,0.002302058506757021,19600,32,3054
-367.48338532,5.960464477539063e-08,0.0007,-0.36061540246009827,18.72652816772461,98500,19699,52.0,0.9288094639778137,19700,32,3054
-368.30464567,0.0,0.0007,-0.2586093842983246,14.934728622436523,99000,19799,52.0,0.5325461626052856,19800,32,3054
-352.38007125999997,0.0,0.0007,-0.17588278651237488,11.55235481262207,99500,19899,52.0,2.6395163536071777,19900,32,3055
-325.67020569,0.0,0.0007,-0.12114225327968597,4.025783538818359,100000,19999,52.0,-1.8777326345443726,20000,32,3055
