episode,reward,entropy
0,-283.4131651892323,1.6059428453445435
1,-304.00509059279034,1.6063520908355713
2,-296.95557073355866,1.6070313453674316
3,-294.19671294288736,1.607193112373352
4,-455.7891512805726,1.6067408323287964
5,-293.58111033875895,1.607224941253662
6,-246.32815532253528,1.607285737991333
7,-294.10571725299667,1.6074925661087036
8,-313.9838557969254,1.6073589324951172
9,-307.94404479534234,1.607287883758545
10,-302.4627783673998,1.6073845624923706
11,-375.6252314793573,1.6074036359786987
12,-286.46538759452875,1.607610821723938
13,-291.52985314483,1.6072478294372559
14,-370.4288047690539,1.6074446439743042
15,-421.63712812500046,1.6075599193572998
16,-290.8375633757192,1.6074063777923584
17,-318.4688962214223,1.6071505546569824
18,-262.8655740001099,1.607328176498413
19,-296.31778831105294,1.6072064638137817
20,-283.7596959805073,1.6071573495864868
21,-511.12299649818624,1.607077956199646
22,-436.43422226234,1.6069912910461426
23,-392.57362758884807,1.6073648929595947
24,-307.39014266280105,1.6068572998046875
25,-302.21087131155303,1.6069543361663818
26,-307.04532309845814,1.6069597005844116
27,-329.86104943417695,1.6068006753921509
28,-868.7844979321601,1.6070289611816406
29,-510.0844193665331,1.6067675352096558
30,-272.6490717048219,1.6068602800369263
31,-294.63908821731656,1.606641173362732
32,-299.89002925613755,1.6063663959503174
33,-262.4628768367556,1.6065655946731567
34,-321.7796651593698,1.606209635734558
35,-292.95960420685014,1.6061612367630005
36,-318.52064112182194,1.6059629917144775
37,-301.57064578684106,1.6059880256652832
38,-304.4136237845384,1.6061762571334839
39,-451.0069342530321,1.6059894561767578
40,-304.16234233856613,1.605995774269104
41,-857.9213705043653,1.605910062789917
42,-307.86815202177144,1.6059104204177856
43,-260.23228553519385,1.6061345338821411
44,-264.05564739946055,1.6057791709899902
45,-315.60878246674184,1.6058249473571777
46,-316.0834862784227,1.6058484315872192
47,-285.6117964945369,1.6058564186096191
48,-269.0181804571947,1.6057997941970825
49,-353.47251910242727,1.6055852174758911
50,-280.2774728612978,1.6057839393615723
51,-280.55611798575745,1.6055614948272705
52,-311.7593984788191,1.6055519580841064
53,-280.61805317455253,1.6055877208709717
54,-304.1662757900175,1.6054121255874634
55,-409.7626672562767,1.6050777435302734
56,-348.106438734048,1.6053311824798584
57,-247.00447011102622,1.6052836179733276
58,-335.4244493662673,1.605324625968933
59,-284.27272954293124,1.6051169633865356
60,-296.56082074003547,1.6049758195877075
61,-289.8839552525209,1.604759931564331
62,-281.08152274413175,1.6049185991287231
63,-306.5601156509077,1.6045746803283691
64,-287.36927384348286,1.6045461893081665
65,-344.027644988345,1.6043777465820312
66,-275.5486505685878,1.6042296886444092
67,-314.91755717832956,1.6036732196807861
68,-1040.5640945060334,1.6035940647125244
69,-415.77402766825435,1.603676438331604
70,-268.0156684925791,1.6033560037612915
71,-281.4636734411647,1.6027872562408447
72,-303.91040125075534,1.602510929107666
73,-450.6779006267582,1.6025011539459229
74,-275.0108785508599,1.602388620376587
75,-290.677408362168,1.6022663116455078
76,-834.8494222803876,1.602455735206604
77,-294.1144131656828,1.6017388105392456
78,-270.0347245254571,1.602186918258667
79,-295.96805821456456,1.6017565727233887
80,-295.0729908472746,1.6013054847717285
81,-290.38412182120743,1.6015759706497192
82,-300.55546111922035,1.6010619401931763
83,-308.6251885413917,1.6006311178207397
84,-313.49791486692396,1.6004000902175903
85,-269.3315387787639,1.6010870933532715
86,-291.1054924745288,1.6006616353988647
87,-304.23796408946515,1.6005527973175049
88,-457.7502985819642,1.6010690927505493
89,-372.38835731865385,1.6005219221115112
90,-424.6976534430825,1.6003012657165527
91,-297.07095015551107,1.6001847982406616
92,-330.4695294601178,1.5998255014419556
93,-294.614898440413,1.600045084953308
94,-282.19500858996275,1.6000577211380005
95,-300.59421102402916,1.5996477603912354
96,-270.85502061124475,1.5998713970184326
97,-266.6501482258518,1.5997384786605835
98,-310.39020135445696,1.5990080833435059
99,-276.143532742319,1.5990269184112549
100,-254.538562607717,1.598968744277954
101,-240.67161529089742,1.5990331172943115
102,-274.8406173973007,1.5985298156738281
103,-565.4643936572875,1.598952054977417
104,-258.29935207258296,1.5981072187423706
105,-301.0002202014615,1.597808599472046
106,-308.20628424623914,1.597184658050537
107,-274.49855415812124,1.5977152585983276
108,-350.8321651214297,1.5980206727981567
109,-304.13918259405875,1.5973562002182007
110,-562.2458821966505,1.5978666543960571
111,-253.14475494861492,1.5983517169952393
112,-422.2451294860842,1.5977702140808105
113,-314.6161891448308,1.5978068113327026
114,-290.07147016786007,1.5982333421707153
115,-308.3938710049367,1.598113775253296
116,-274.85949904174976,1.5989388227462769
117,-362.1827635081979,1.5994105339050293
118,-284.92866646472555,1.5994503498077393
119,-288.87527062527073,1.599229097366333
120,-325.8055978948263,1.6002261638641357
121,-302.9362431120358,1.599428653717041
122,-290.0119746071558,1.5996651649475098
123,-385.90220030910865,1.6011273860931396
124,-400.57350604912625,1.6001033782958984
125,-270.32819438420097,1.6008667945861816
126,-289.41842683601016,1.600249171257019
127,-281.32301987594053,1.600752592086792
128,-307.9823945936917,1.6001893281936646
129,-305.6792063109244,1.600252628326416
130,-356.94746537052214,1.6007463932037354
131,-324.1002132982218,1.601254940032959
132,-272.89247040631795,1.6017310619354248
133,-444.0461153948236,1.602537751197815
134,-267.7630917889863,1.6015769243240356
135,-270.7056488668853,1.6015918254852295
136,-737.0683214750118,1.6020786762237549
137,-259.4439348360354,1.6009156703948975
138,-309.4433620608746,1.5999071598052979
139,-805.3752091904631,1.6011028289794922
140,-289.9715608827255,1.6004818677902222
141,-271.85437927903706,1.6008111238479614
142,-300.0909959324482,1.599366307258606
143,-604.3103756571581,1.599619746208191
144,-256.9763585238943,1.6001105308532715
145,-305.2383784890208,1.598672866821289
146,-300.2592714436237,1.5986424684524536
147,-364.512874115192,1.598723292350769
148,-264.76999532085694,1.5990301370620728
149,-317.7253807605162,1.5975466966629028
150,-267.2123811851477,1.5986682176589966
151,-308.6830720346155,1.5976111888885498
152,-294.03685702184936,1.5980695486068726
153,-298.82444166345084,1.5978052616119385
154,-624.221926497557,1.5990753173828125
155,-298.0522432598989,1.5979779958724976
156,-304.4719022540704,1.5979543924331665
157,-330.3836134585688,1.598569393157959
158,-287.54874872939524,1.5983850955963135
159,-308.6812782670231,1.597458004951477
160,-281.18691188787153,1.597928524017334
161,-294.2458662336163,1.5979052782058716
162,-277.2333450573874,1.5978001356124878
163,-356.6343934908602,1.5979435443878174
164,-365.2854589436117,1.59768545627594
165,-839.3791712482895,1.5974622964859009
166,-539.7739869488174,1.596698522567749
167,-304.7510587324905,1.5970325469970703
168,-295.53288461202686,1.5957010984420776
169,-318.5586125515431,1.5950595140457153
170,-302.08326523020577,1.5945616960525513
171,-290.7922321799652,1.5948086977005005
172,-305.3090761765677,1.5944314002990723
173,-349.660459603718,1.595159649848938
174,-287.1647968618799,1.5947072505950928
175,-347.08238765134905,1.5942461490631104
176,-270.01313265872284,1.5953539609909058
177,-305.49355758058556,1.595778226852417
178,-289.9765106478341,1.5956363677978516
179,-293.3775577219849,1.5946763753890991
180,-602.2944349221871,1.5966929197311401
181,-287.80811540341193,1.5944520235061646
182,-1257.595578071903,1.5967122316360474
183,-356.55922215394133,1.5962811708450317
184,-303.04202294634473,1.59475576877594
185,-285.5344796959228,1.5944658517837524
186,-300.952665248363,1.5945950746536255
187,-492.36133999553056,1.593767762184143
188,-287.63013232685995,1.5934245586395264
189,-390.2581199192864,1.5935431718826294
190,-273.3749789298975,1.592235803604126
191,-297.8487668198267,1.5908857583999634
192,-246.44573274052607,1.5918068885803223
193,-637.8134608632724,1.5915215015411377
194,-264.40181851106587,1.5903722047805786
195,-1405.0196443731954,1.5907261371612549
196,-270.6049637267148,1.5881339311599731
197,-278.38475711444846,1.588398814201355
198,-358.5572193575002,1.5888266563415527
199,-297.78925477585926,1.5870100259780884
200,-299.1850009135497,1.5862147808074951
201,-294.9053639245471,1.5856986045837402
202,-262.07050810205436,1.5853632688522339
203,-272.93206932434606,1.585012674331665
204,-818.5997487161467,1.5860956907272339
205,-461.130993322514,1.5851914882659912
206,-1108.5083537598853,1.5852386951446533
207,-291.4612705255882,1.583059549331665
208,-1498.9960843298052,1.5862205028533936
209,-292.3702850160016,1.5819669961929321
210,-290.0513417725834,1.5820928812026978
211,-448.3914001701027,1.5832953453063965
212,-293.43872326095857,1.5823276042938232
213,-1337.8008515703336,1.5835410356521606
214,-298.28443852857407,1.5801756381988525
215,-293.1480572302054,1.579754114151001
216,-756.7318140704492,1.5825175046920776
217,-276.2284674013384,1.5805132389068604
218,-288.5950805623034,1.578762173652649
219,-272.4568347684636,1.581046223640442
220,-288.86373960538464,1.579679012298584
221,-1367.2074308602773,1.5820212364196777
222,-360.9521602551612,1.5803086757659912
223,-261.1445421744128,1.580177903175354
224,-291.14926695170385,1.5793001651763916
225,-279.0609235265881,1.5819579362869263
226,-479.03836830873837,1.5825239419937134
227,-293.8816000689607,1.5800827741622925
228,-245.15062126853869,1.583201289176941
229,-285.2888269932386,1.5819097757339478
230,-1064.3147026587262,1.5858900547027588
231,-317.76735945750977,1.582205057144165
232,-256.8838389809583,1.5844616889953613
233,-457.0414926531386,1.5860551595687866
234,-309.04369404526614,1.5848790407180786
235,-294.9296661350814,1.5863585472106934
236,-234.4901098494022,1.5888832807540894
237,-289.1963675504717,1.5870938301086426
238,-629.6757104090916,1.5897947549819946
239,-354.81746551856384,1.5900641679763794
240,-350.9638726713791,1.5900447368621826
241,-273.4518809754407,1.5903815031051636
242,-282.5062131909834,1.5901151895523071
243,-366.63438432909146,1.591543197631836
244,-274.8396424717775,1.5913124084472656
245,-438.95215235945193,1.5923693180084229
246,-306.2356430730368,1.5910791158676147
247,-460.3887352639074,1.5925036668777466
248,-296.86537940739373,1.5924131870269775
249,-303.06581265665005,1.5931097269058228
250,-301.95133073227277,1.5941901206970215
251,-287.65015566397494,1.5947768688201904
252,-293.672566551189,1.5949801206588745
253,-366.1141797669936,1.5954023599624634
254,-935.5000213332701,1.5964998006820679
255,-291.76558887645575,1.5963648557662964
256,-302.0880523514355,1.5963237285614014
257,-318.63348123960486,1.5974515676498413
258,-271.6153708762745,1.5974115133285522
259,-687.7948405714793,1.5981882810592651
260,-268.56912596566553,1.5983344316482544
261,-256.2167170860141,1.5975748300552368
262,-301.75860520518603,1.5978248119354248
263,-302.1500539679642,1.5980148315429688
264,-310.6943777443078,1.5979710817337036
265,-279.34491038540267,1.5983744859695435
266,-306.3554710755105,1.5987741947174072
267,-316.7470294930417,1.5990675687789917
268,-335.0267847721295,1.5993952751159668
269,-300.1162593433501,1.599387288093567
270,-259.7652247250699,1.599252700805664
271,-271.8387473220279,1.5994807481765747
272,-548.6157691585148,1.5996062755584717
273,-313.29417221715823,1.5996665954589844
274,-298.9613957284345,1.5995848178863525
275,-303.119824038997,1.5993813276290894
276,-306.0705034070936,1.5994409322738647
277,-1426.689244848185,1.5996506214141846
278,-276.95289015876295,1.5996297597885132
279,-272.54010664957127,1.5992522239685059
280,-333.56738448260234,1.5991164445877075
281,-431.2542066908099,1.5990077257156372
282,-303.6807183070559,1.5987827777862549
283,-298.31233336396934,1.598608136177063
284,-324.9101199130507,1.5982342958450317
285,-313.021157057539,1.5985486507415771
286,-304.96597067787894,1.5980738401412964
287,-272.17587345490676,1.597818374633789
288,-269.91107779274796,1.5978832244873047
289,-300.77279723445804,1.5976461172103882
290,-327.0459225848878,1.5974581241607666
291,-293.6298301585301,1.5973687171936035
292,-582.271955176092,1.5964882373809814
293,-771.9391497864592,1.595775842666626
294,-298.5119885745437,1.5955954790115356
295,-327.27908699657917,1.5948621034622192
296,-310.14827996592646,1.594628095626831
297,-288.70395573210305,1.5943304300308228
298,-288.2951562982855,1.5938044786453247
299,-278.56942682834483,1.5932049751281738
300,-341.74179130407424,1.5929521322250366
301,-327.44895169226817,1.5928263664245605
302,-722.6366524622796,1.5930724143981934
303,-278.3775238844181,1.5916788578033447
304,-299.1552189343884,1.5919759273529053
305,-241.6902264974102,1.592104434967041
306,-293.0580322440076,1.5915862321853638
307,-305.0809342855817,1.5915780067443848
308,-294.7661466059978,1.5915169715881348
309,-372.5897690815773,1.5917235612869263
310,-405.59033129825013,1.5911377668380737
311,-237.80927527096125,1.5905801057815552
312,-304.08899873194287,1.591058611869812
313,-298.62677979604604,1.5904581546783447
314,-303.32900896489434,1.5897222757339478
315,-301.82591163075625,1.589386224746704
316,-371.86519131586454,1.5899641513824463
317,-286.7929049035949,1.589010238647461
318,-320.5611871827579,1.5895835161209106
319,-280.0152906716348,1.5897929668426514
320,-850.9018720977266,1.5916812419891357
321,-300.17188064841014,1.5903650522232056
322,-256.38240805501425,1.5905436277389526
323,-340.76905903495634,1.5913727283477783
324,-294.3427615873589,1.5917999744415283
325,-293.3965618482618,1.591881275177002
326,-306.62172331959255,1.592655897140503
327,-292.27032005042344,1.591671109199524
328,-297.4705275328482,1.5918225049972534
329,-299.8157389928393,1.5915290117263794
330,-319.09476708880845,1.5919615030288696
331,-283.8465851197177,1.5909947156906128
332,-270.60188104852705,1.5917350053787231
333,-327.1877269888703,1.5905543565750122
334,-295.5710217446168,1.590009093284607
335,-281.80197991498744,1.5886778831481934
336,-249.2468210642235,1.5880800485610962
337,-264.7889917978391,1.5864583253860474
338,-288.5974132028632,1.5849944353103638
339,-256.604361775312,1.584333896636963
340,-632.0960744633775,1.5848674774169922
341,-288.4244383819821,1.5830600261688232
342,-294.5521692001256,1.5822359323501587
343,-272.18597113874966,1.5825361013412476
344,-393.5552290667188,1.5816092491149902
345,-436.05495599856374,1.582295536994934
346,-275.05002830013666,1.5793476104736328
347,-298.8401286618246,1.5790079832077026
348,-413.8825619112286,1.579214096069336
349,-362.8295582598216,1.57865309715271
350,-293.4274167303884,1.5784814357757568
351,-258.06961325168163,1.5763188600540161
352,-272.2752537714215,1.5756146907806396
353,-277.8618802198943,1.5743416547775269
354,-270.94951978245547,1.573819637298584
355,-300.1677293912973,1.573278546333313
356,-294.19495858292646,1.5729275941848755
357,-287.4598005416981,1.5729562044143677
358,-284.0468258849164,1.5726773738861084
359,-344.8288467632855,1.5739288330078125
360,-284.06125978546345,1.571605920791626
361,-571.1044598859315,1.5736345052719116
362,-376.79079665334257,1.5707064867019653
363,-287.21751597612445,1.5697335004806519
364,-306.29074313412474,1.5687751770019531
365,-259.14022867619093,1.5692921876907349
366,-252.39455337205447,1.5661873817443848
367,-886.6547437281457,1.5684726238250732
368,-987.4486967309347,1.5676748752593994
369,-293.55306226963626,1.5623677968978882
370,-544.5493935172561,1.5652762651443481
371,-291.9746483777894,1.5596483945846558
372,-293.6812338640637,1.5604761838912964
373,-244.8395221038591,1.5611460208892822
374,-297.7622822923211,1.5588088035583496
375,-292.66892881845274,1.5583739280700684
376,-290.3748881876801,1.5593986511230469
377,-1628.335089287306,1.5665827989578247
378,-250.2735020538953,1.5612138509750366
379,-409.3856959228191,1.5614795684814453
380,-351.48099792287576,1.5618445873260498
381,-360.45102016075305,1.5626226663589478
382,-248.6479730746572,1.5626035928726196
383,-266.09668596951417,1.5605098009109497
384,-304.7617322448701,1.5597707033157349
385,-282.50398412971924,1.5621345043182373
386,-1330.5640991641937,1.5673096179962158
387,-261.124978478804,1.5609701871871948
388,-521.5201576037978,1.5615922212600708
389,-677.4206137214419,1.5610162019729614
390,-298.69657857999965,1.5596510171890259
391,-299.17326089944316,1.5582337379455566
392,-2453.20401894732,1.5693029165267944
393,-275.0382261925024,1.5551068782806396
394,-277.62751790427114,1.5536836385726929
395,-288.63454577245875,1.551206111907959
396,-281.56255104222123,1.550269365310669
397,-248.42754377150345,1.5527821779251099
398,-332.41283174985995,1.5511139631271362
399,-884.474385980286,1.5568572282791138
400,-279.16679012101764,1.5484434366226196
401,-2320.0687580096856,1.5594887733459473
402,-1510.181741160561,1.5516387224197388
403,-2590.034604560272,1.5555167198181152
404,-975.9620390515371,1.5556080341339111
405,-270.8639081574793,1.5495963096618652
406,-232.29453071071796,1.5548714399337769
407,-246.70863802662734,1.5543878078460693
408,-866.6132688190268,1.5586057901382446
409,-267.62062267051175,1.559670090675354
410,-292.6484464456927,1.5546666383743286
411,-1184.54534083962,1.560131549835205
412,-308.47327644704404,1.5556299686431885
413,-321.28075599636986,1.5593953132629395
414,-774.9634593431966,1.563307285308838
415,-280.3748950138178,1.5609685182571411
416,-942.1295857215059,1.5668742656707764
417,-279.1977113646717,1.5614537000656128
418,-257.47100589545755,1.5674601793289185
419,-232.33614718775803,1.5657427310943604
420,-311.4184644899668,1.5643787384033203
421,-580.0696534704404,1.5670889616012573
422,-301.47193650364306,1.56333589553833
423,-372.0930110730056,1.5657769441604614
424,-260.6412999086196,1.565041422843933
425,-771.4669454120359,1.5671119689941406
426,-281.78381580266034,1.5660446882247925
427,-265.32826737511107,1.5666091442108154
428,-290.02968578444353,1.5656914710998535
429,-268.4825840378009,1.5671308040618896
430,-379.2036528494339,1.5677076578140259
431,-527.9093234158354,1.5685932636260986
432,-356.0740949039497,1.570320963859558
433,-252.42530215348933,1.5684174299240112
434,-388.1732627218195,1.5672111511230469
435,-262.15629913013004,1.5683687925338745
436,-251.54412510211208,1.5695477724075317
437,-308.2100376163194,1.5682337284088135
438,-284.33123962048194,1.5698918104171753
439,-284.409450377983,1.5712255239486694
440,-273.74677465837146,1.572108507156372
441,-260.96539255245574,1.5732172727584839
442,-284.97453703891307,1.5724259614944458
443,-307.33956883889243,1.5744856595993042
444,-283.4020278308585,1.5744438171386719
445,-279.34623684576036,1.5739989280700684
446,-283.1590335565241,1.5735670328140259
447,-299.066550059348,1.573906421661377
448,-262.06889091292567,1.5748975276947021
449,-316.0518426375869,1.574478268623352
450,-297.8928856717012,1.575066328048706
451,-286.6063420649609,1.5747904777526855
452,-280.5804349105371,1.5746880769729614
453,-244.10693726793292,1.5763071775436401
454,-274.8323563387242,1.575186014175415
455,-286.69368174478336,1.5749245882034302
456,-235.85401278695593,1.577682614326477
457,-602.9831931353008,1.5773104429244995
458,-430.6585397772525,1.577156901359558
459,-270.378240734315,1.5746967792510986
460,-266.7872901351172,1.574873685836792
461,-611.5314766521358,1.5762743949890137
462,-335.9937545901069,1.5750631093978882
463,-290.38553572778,1.572572112083435
464,-1171.1880877179644,1.5761269330978394
465,-796.9229605986058,1.5757719278335571
466,-275.4104574065113,1.5728784799575806
467,-813.1263249163584,1.5762888193130493
468,-274.77445740301977,1.5739495754241943
469,-270.679691121325,1.5738048553466797
470,-310.4900004160318,1.5716608762741089
471,-299.55322525311453,1.5711079835891724
472,-306.99528380951716,1.5754053592681885
473,-300.41500232802053,1.5718348026275635
474,-327.1652617739162,1.5743643045425415
475,-302.90683549966263,1.572240948677063
476,-524.9006894686028,1.5743331909179688
477,-1502.0723629141976,1.5762066841125488
478,-752.6023068267109,1.5787667036056519
479,-459.7946053246088,1.57510244846344
480,-231.72209769123174,1.578348994255066
481,-285.7079018275732,1.5746257305145264
482,-581.9144181202271,1.5798944234848022
483,-272.0535767605968,1.5757848024368286
484,-238.5817694450006,1.5777980089187622
485,-285.7975363135372,1.5768473148345947
486,-298.3723458780967,1.5763252973556519
487,-309.61563409450486,1.5753103494644165
488,-1050.2985842744351,1.5787558555603027
489,-262.8029436075433,1.5782173871994019
490,-271.7377931519152,1.576341152191162
491,-279.15691720789533,1.575189471244812
492,-864.0715422506233,1.5778898000717163
493,-726.4499197278926,1.5775654315948486
494,-828.6537220013229,1.578810214996338
495,-287.8655769597461,1.5733497142791748
496,-290.20692140894704,1.5719882249832153
497,-809.7691247484366,1.574713945388794
498,-279.39991193621034,1.5721129179000854
499,-278.9192005040155,1.5712400674819946
500,-279.90600049255454,1.5710835456848145
501,-309.32612786527886,1.5703924894332886
502,-300.81331540672574,1.572101354598999
503,-290.8887672624341,1.572460412979126
504,-281.19000836064214,1.570966124534607
505,-269.23364239517804,1.5718554258346558
506,-417.4071288043773,1.573932409286499
507,-251.70965524033275,1.5739109516143799
508,-309.80075678401926,1.5732077360153198
509,-278.85429731893294,1.573207974433899
510,-272.1993713218399,1.5728240013122559
511,-359.97279958641263,1.5734152793884277
512,-536.0511503217342,1.5741569995880127
513,-290.2968037352657,1.5712673664093018
514,-286.36858681995005,1.570839524269104
515,-304.9076151172903,1.5703580379486084
516,-776.8853653777725,1.5722979307174683
517,-289.4852833871903,1.5677908658981323
518,-294.8951686314144,1.5671528577804565
519,-692.3074811579861,1.5716917514801025
520,-294.83919085807844,1.5680615901947021
521,-289.12507649974594,1.566489338874817
522,-823.0904820910938,1.5682591199874878
523,-272.3932166045674,1.5657312870025635
524,-662.6814685379032,1.5650532245635986
525,-302.220736017105,1.563248872756958
526,-262.3365882093357,1.565468668937683
527,-366.28493081993827,1.5624771118164062
528,-378.00860719813284,1.5683696269989014
529,-281.8791061109542,1.563004970550537
530,-305.9164084348961,1.5602927207946777
531,-368.090298242109,1.5663203001022339
532,-297.1821333645063,1.562009334564209
533,-268.3264618342718,1.5646955966949463
534,-275.49274204807216,1.563860535621643
535,-504.19763851972345,1.5669150352478027
536,-575.1328840358946,1.5681262016296387
537,-325.5645012062786,1.565178632736206
538,-970.6506866372881,1.5699514150619507
539,-498.45451642874326,1.5674887895584106
540,-283.2620651612054,1.564200520515442
541,-295.3241276414566,1.5632280111312866
542,-607.5451608155861,1.5655492544174194
543,-290.01345368490587,1.5625011920928955
544,-464.54128781775097,1.5684987306594849
545,-291.23100510547994,1.5622780323028564
546,-1375.3362678760925,1.5741263628005981
547,-332.34705223265934,1.5638720989227295
548,-296.41429504429055,1.5616610050201416
549,-1616.2634297582429,1.5690948963165283
550,-292.8434744173981,1.564159631729126
551,-269.29240706312436,1.5666521787643433
552,-468.24695873389845,1.5677406787872314
553,-295.06218406271654,1.5704014301300049
554,-277.99786650188037,1.5694823265075684
555,-251.70469467226607,1.5715699195861816
556,-543.4893439553529,1.5737688541412354
557,-900.1558613400443,1.5764713287353516
558,-882.9685204743089,1.577143907546997
559,-255.5704796241173,1.5743331909179688
560,-297.52935482158614,1.5725672245025635
561,-348.14834378757223,1.5771658420562744
562,-449.13115994068494,1.5798373222351074
563,-317.9889618887483,1.5731635093688965
564,-590.6104402307795,1.577170491218567
565,-280.64842086830663,1.5769213438034058
566,-271.30173236426316,1.5753822326660156
567,-299.56680280588466,1.5742340087890625
568,-296.88775565510014,1.5746909379959106
569,-280.0550487822557,1.5755789279937744
570,-317.29410957549834,1.5796252489089966
571,-458.7080796234025,1.576695203781128
572,-358.54590596473673,1.577489972114563
573,-511.5364924562678,1.5812715291976929
574,-322.8926500372595,1.57261323928833
575,-275.4078352537168,1.5762385129928589
576,-305.5216114935008,1.5732260942459106
577,-261.59567549937856,1.5768828392028809
578,-402.3287031212842,1.5782549381256104
579,-455.5977178583372,1.578817367553711
580,-276.5833202852861,1.5753213167190552
581,-506.33337062612276,1.5795918703079224
582,-295.548719852004,1.577362060546875
583,-293.84411522194625,1.5748041868209839
584,-641.0036543222519,1.578446865081787
585,-294.7812039088317,1.5747214555740356
586,-352.944665661784,1.5758225917816162
587,-299.4972507000148,1.5742274522781372
588,-463.3234502088293,1.5749047994613647
589,-440.3378728316156,1.5781590938568115
590,-498.1597751534084,1.5787830352783203
591,-311.7084994975198,1.5718389749526978
592,-382.8336401893997,1.5732771158218384
593,-285.6257746768912,1.5723803043365479
594,-637.434538474112,1.5775173902511597
595,-273.8970290958613,1.5746766328811646
596,-324.78048655898084,1.5762312412261963
597,-292.78650199229963,1.572440266609192
598,-723.7742049620446,1.5770854949951172
599,-304.6015812221983,1.5720665454864502
600,-299.3192031152858,1.5719491243362427
601,-277.07440477690363,1.5738966464996338
602,-289.6688999464263,1.572173833847046
603,-262.45845029963823,1.5745946168899536
604,-267.5485642712102,1.5746433734893799
605,-314.13930061798146,1.5718566179275513
606,-302.8437765375303,1.5713863372802734
607,-297.7692976798187,1.571991205215454
608,-261.9297177825746,1.5758476257324219
609,-308.76816863409806,1.5722630023956299
610,-676.0795107242114,1.5784119367599487
611,-287.9545843470528,1.5749558210372925
612,-309.07192372683164,1.5738544464111328
613,-298.00641169558094,1.5752663612365723
614,-838.9382483616147,1.5816185474395752
615,-243.70446827607802,1.5783882141113281
616,-303.12359147704643,1.576133131980896
617,-290.389091244501,1.5773625373840332
618,-586.4817877362531,1.580122470855713
619,-911.6986657784696,1.5804425477981567
620,-259.56041758516,1.5789532661437988
621,-555.1684198928842,1.5799554586410522
622,-306.447899405982,1.5753822326660156
623,-288.9204213243729,1.5763027667999268
624,-286.2761703590752,1.5760600566864014
625,-280.46188839263283,1.5755045413970947
626,-275.9354388967059,1.5765724182128906
627,-785.5860013992028,1.5804493427276611
628,-275.1647039870382,1.5751278400421143
629,-293.11934652422735,1.5741362571716309
630,-265.2884225329359,1.576471209526062
631,-291.59041988440015,1.5754789113998413
632,-355.3226966480478,1.576356291770935
633,-409.5812242104902,1.5752537250518799
634,-300.0568819870944,1.5740408897399902
635,-305.20052587966353,1.5779718160629272
636,-504.4555156930139,1.5790784358978271
637,-304.69892749311185,1.574130892753601
638,-301.6884409481553,1.573881983757019
639,-669.3957166968162,1.5780272483825684
640,-287.3129682278088,1.576507568359375
641,-292.59588253179237,1.5735644102096558
642,-645.9674325252372,1.5772866010665894
643,-284.8622363714857,1.5748194456100464
644,-286.6327434220389,1.5748915672302246
645,-314.579835809516,1.5765315294265747
646,-310.6974902465455,1.5734602212905884
647,-289.7561557445136,1.5744127035140991
648,-277.91564644261047,1.5737559795379639
649,-292.06731051777103,1.57439124584198
650,-257.09229400829474,1.5773704051971436
651,-292.7881438098646,1.5736706256866455
652,-321.8796869399398,1.5789355039596558
653,-285.29722207083665,1.5741400718688965
654,-600.9271916315388,1.5766589641571045
655,-289.4799890994529,1.5735920667648315
656,-309.0072496323648,1.5705795288085938
657,-475.2742509967152,1.575700283050537
658,-292.76253619767,1.5731737613677979
659,-576.5329760332681,1.5727229118347168
660,-693.7146007878846,1.5725423097610474
661,-291.84840313582396,1.5700814723968506
662,-322.4313414383407,1.5703868865966797
663,-463.18547205030427,1.5743014812469482
664,-298.31117667848156,1.5674580335617065
665,-799.0990314381901,1.5747606754302979
666,-346.91763591863423,1.5727193355560303
667,-218.38330823218405,1.5734950304031372
668,-281.4900791696522,1.5682035684585571
669,-308.6370438644996,1.5667692422866821
670,-296.9125372504361,1.5677361488342285
671,-291.9949987600787,1.5673229694366455
672,-289.46718022467917,1.5665462017059326
673,-645.342656310844,1.5712250471115112
674,-268.0464665021191,1.5664706230163574
675,-270.9279819377923,1.5676287412643433
676,-645.8241299762615,1.5704563856124878
677,-261.57838611562073,1.5661835670471191
678,-271.46217610272237,1.5663775205612183
679,-290.82993850128713,1.563580870628357
680,-266.750221571364,1.5662798881530762
681,-301.1360636106085,1.5632551908493042
682,-264.0479757119683,1.566840648651123
683,-289.73873180936306,1.5636863708496094
684,-292.4295385672672,1.5639450550079346
685,-290.8746771721511,1.5637869834899902
686,-1386.3889015379564,1.5688754320144653
687,-298.1869750706947,1.5635058879852295
688,-300.15390988264323,1.5624184608459473
689,-353.36680557003507,1.5660768747329712
690,-288.55896403847396,1.5676907300949097
691,-278.0648629459047,1.5693479776382446
692,-285.8791427784605,1.563702940940857
693,-290.7176262376123,1.5638190507888794
694,-306.0496601887033,1.5628635883331299
695,-290.20341154183535,1.5634806156158447
696,-521.394579502178,1.5729044675827026
697,-1183.4766343343895,1.5703239440917969
698,-289.22105585978306,1.5634605884552002
699,-260.9929558523015,1.5669001340866089
700,-267.47409662725136,1.5671130418777466
701,-307.19740886124504,1.560715913772583
702,-307.05814207378404,1.5645015239715576
703,-923.8845209543166,1.5721817016601562
704,-365.5284082049406,1.5646414756774902
705,-273.9805992751275,1.563236951828003
706,-318.6424609147801,1.5686715841293335
707,-286.5375784982133,1.5629431009292603
708,-299.90735941302836,1.5601880550384521
709,-320.33492237555987,1.5595647096633911
710,-772.8718240267812,1.5646904706954956
711,-272.1057038178247,1.5636166334152222
712,-1049.549132544905,1.5696519613265991
713,-278.2420979280443,1.5628515481948853
714,-288.89329080143557,1.5657422542572021
715,-295.3223313777434,1.5611399412155151
716,-396.8325480171007,1.563474416732788
717,-288.1263786879611,1.5608195066452026
718,-306.98281794884923,1.5576767921447754
719,-482.6403420162087,1.5650004148483276
720,-264.9162961647207,1.561728835105896
721,-287.5665387916288,1.5584391355514526
722,-292.7425674495788,1.5584925413131714
723,-262.6543381359429,1.5603264570236206
724,-424.3351160083032,1.5652024745941162
725,-378.64638747148484,1.5614039897918701
726,-373.95122598896705,1.56113600730896
727,-279.4985742802691,1.5580838918685913
728,-440.404608809574,1.5603125095367432
729,-305.58058552224577,1.555512547492981
730,-543.7208666685401,1.5596319437026978
731,-302.2458713619438,1.5553500652313232
732,-258.44274785276883,1.5596973896026611
733,-255.9856496241767,1.5605615377426147
734,-267.3717265650621,1.558309555053711
735,-449.7454712144414,1.5607141256332397
736,-482.1100016511288,1.560551404953003
737,-296.7522165116213,1.55548095703125
738,-285.6530662885421,1.5557512044906616
739,-315.4195132560221,1.56163489818573
740,-310.2507492360833,1.5537021160125732
741,-248.04315958405903,1.5595970153808594
742,-246.66504911042702,1.560648798942566
743,-260.5573216663662,1.559704065322876
744,-292.24215392687813,1.5557938814163208
745,-277.80552945163566,1.5569616556167603
746,-423.8970248087637,1.5581958293914795
747,-261.2371811734419,1.5610448122024536
748,-937.8409211249804,1.5649237632751465
749,-440.0804658358875,1.566725492477417
750,-271.761381523896,1.5605902671813965
751,-1470.0458321265478,1.5707372426986694
752,-295.37278386647836,1.5580155849456787
753,-302.00906205813527,1.5567758083343506
754,-661.4562137471114,1.569150447845459
755,-271.7717730037258,1.560655117034912
756,-1283.6977471165535,1.5713081359863281
757,-292.1355775705402,1.559458613395691
758,-519.561587271801,1.5645745992660522
759,-327.7476782613877,1.5625914335250854
760,-305.8267498681235,1.5591524839401245
761,-299.7788881146186,1.5590667724609375
762,-310.2466037561976,1.5578196048736572
763,-292.51894596770046,1.5614980459213257
764,-264.1558028567354,1.564241647720337
765,-284.83886265962855,1.5637835264205933
766,-483.0198423555214,1.5662329196929932
767,-289.9806503870274,1.5629196166992188
768,-279.93520742523174,1.5638264417648315
769,-324.5713976497264,1.5642534494400024
770,-280.3803207231819,1.564093828201294
771,-322.39717862669914,1.5625885725021362
772,-277.3255821162838,1.563765048980713
773,-285.5889298875162,1.5628236532211304
774,-294.89496364925463,1.5607986450195312
775,-275.6309696105427,1.5652382373809814
776,-310.55957735507377,1.5593602657318115
777,-311.81787704524277,1.5591557025909424
778,-311.3652540185773,1.5581446886062622
779,-292.88994110191277,1.5602461099624634
780,-374.1593362156801,1.565767526626587
781,-419.7075812641928,1.567047119140625
782,-297.05001146833814,1.5587882995605469
783,-513.158545849981,1.5614547729492188
784,-259.6805725588655,1.562735915184021
785,-300.9430632848627,1.558105230331421
786,-305.0250127658538,1.5569826364517212
787,-270.3539297653779,1.5599725246429443
788,-296.7683294282615,1.5574989318847656
789,-282.67362314258173,1.5585614442825317
790,-290.7953822678108,1.5578593015670776
791,-294.64015990122226,1.5576093196868896
792,-652.6760362625465,1.5602614879608154
793,-776.2603724136129,1.56259286403656
794,-292.8604311610412,1.5575242042541504
795,-302.89674904489266,1.5577157735824585
796,-403.2573732420513,1.5658868551254272
797,-324.0606089431115,1.562269687652588
798,-280.66035698160715,1.5573580265045166
799,-281.18826159542886,1.5562152862548828
800,-347.490707127155,1.564016342163086
801,-585.3122665419357,1.560127854347229
802,-291.27837198610564,1.5525193214416504
803,-315.98619479933376,1.549086332321167
804,-323.2720105445409,1.547166347503662
805,-244.9469203735955,1.5555307865142822
806,-257.11030177484736,1.5527477264404297
807,-281.99867077275906,1.5499924421310425
808,-294.2469553631743,1.5467910766601562
809,-316.72538423041226,1.5519943237304688
810,-284.47813182607024,1.5453482866287231
811,-322.32300686774425,1.548929214477539
812,-286.89301878483377,1.5441104173660278
813,-293.5189795619997,1.5430426597595215
814,-297.02859099290276,1.5418219566345215
815,-295.3062391430862,1.5413628816604614
816,-306.58822440941134,1.5391889810562134
817,-299.610163916026,1.540342092514038
818,-293.2177409966715,1.5388240814208984
819,-263.06383415747194,1.5443121194839478
820,-313.1166396390411,1.5365488529205322
821,-303.8109779326238,1.537400722503662
822,-303.7110034961704,1.5364089012145996
823,-283.95903163964647,1.5391924381256104
824,-293.7494175423446,1.5372475385665894
825,-312.5964474182453,1.5438742637634277
826,-306.3091538308009,1.5335516929626465
827,-313.902920804319,1.53323495388031
828,-329.5827071925954,1.53870689868927
829,-291.3343987892952,1.534476399421692
830,-270.1337919399036,1.5398603677749634
831,-307.9196430187911,1.5337047576904297
832,-286.90755141151715,1.539962887763977
833,-305.78422400044076,1.536449670791626
834,-280.2528924291697,1.5385113954544067
835,-315.7581518622456,1.5331802368164062
836,-285.6906210685581,1.5367796421051025
837,-281.4821735750579,1.5415376424789429
838,-325.5276326275241,1.5403727293014526
839,-290.68617464392185,1.5374583005905151
840,-305.33773743231023,1.5363227128982544
841,-322.85015312676813,1.534618616104126
842,-294.88975754713664,1.5379637479782104
843,-273.15530888908916,1.540233850479126
844,-297.06101384040227,1.5371432304382324
845,-284.7079400334812,1.5379897356033325
846,-557.0092967473729,1.5432305335998535
847,-320.6038972178106,1.5341134071350098
848,-280.51119875100665,1.5391819477081299
849,-325.8202677317726,1.533005952835083
850,-287.602048112556,1.5377520322799683
851,-283.77868415627586,1.5381139516830444
852,-468.3034119764957,1.5372695922851562
853,-911.5118485416251,1.5409787893295288
854,-296.98851022698796,1.5366687774658203
855,-517.4303735095363,1.5384697914123535
856,-792.6870031299801,1.5482609272003174
857,-289.5816161216077,1.5398591756820679
858,-295.43393532254527,1.5415281057357788
859,-296.4658585937178,1.5417219400405884
860,-283.4821984026307,1.5447330474853516
861,-303.2501793055634,1.5474655628204346
862,-273.37163049914,1.547154188156128
863,-284.352683455889,1.545504093170166
864,-297.2018089401934,1.5453433990478516
865,-273.06326539250097,1.5478136539459229
866,-276.89783053086813,1.5498616695404053
867,-285.79054977938927,1.5509071350097656
868,-271.6776831778701,1.5526548624038696
869,-296.8481103367489,1.54954993724823
870,-308.54439382274387,1.5492961406707764
871,-240.3951455170147,1.5559080839157104
872,-307.4093629558669,1.55131196975708
873,-293.1112068662215,1.5498096942901611
874,-302.300715894142,1.5495669841766357
875,-274.5527955853061,1.5521411895751953
876,-558.1058424210458,1.5515393018722534
877,-295.5929862725029,1.55028235912323
878,-274.28437644268433,1.5504629611968994
879,-305.3877536379827,1.548038363456726
880,-304.79769137889997,1.546861171722412
881,-277.52208134863963,1.549731731414795
882,-310.88844604505186,1.5461921691894531
883,-307.9364694272194,1.5469721555709839
884,-309.8701855871885,1.5460245609283447
885,-310.5421067605495,1.5458403825759888
886,-275.1318801366249,1.549747347831726
887,-305.00958916571795,1.5482711791992188
888,-307.9438515507139,1.546093463897705
889,-305.529587085546,1.5477745532989502
890,-270.48802909482066,1.548980951309204
891,-462.9605028551451,1.551591157913208
892,-285.05521529901733,1.5492446422576904
893,-330.8776815084775,1.5519943237304688
894,-347.20029053336543,1.5484368801116943
895,-287.12080642692626,1.5476998090744019
896,-297.36408308855147,1.5462555885314941
897,-300.5014745227874,1.5456364154815674
898,-251.29442633234163,1.5498523712158203
899,-278.07657182342257,1.5458028316497803
900,-321.3988778575275,1.5432642698287964
901,-294.25300059264487,1.5462596416473389
902,-296.73458937582245,1.5450581312179565
903,-307.46684666843004,1.5428695678710938
904,-284.0552602922515,1.5452901124954224
905,-644.3006550562095,1.5495833158493042
906,-292.45010135460956,1.5419076681137085
907,-289.8514990570968,1.5434271097183228
908,-304.62911827535686,1.5419169664382935
909,-551.901794227102,1.5438270568847656
910,-299.6222518455827,1.540257215499878
911,-523.9877983599495,1.5442097187042236
912,-301.264023513756,1.5422114133834839
913,-310.25027606843867,1.539756178855896
914,-274.5002390320093,1.5435327291488647
915,-406.59536661425165,1.5436997413635254
916,-301.05520520075,1.5414412021636963
917,-286.5715799814679,1.5422762632369995
918,-275.9674909751412,1.5456175804138184
919,-303.61022569938444,1.5405176877975464
920,-304.5001307070344,1.5398750305175781
921,-616.3998988681277,1.543087124824524
922,-257.6313637409063,1.5429577827453613
923,-307.8349664409147,1.5394622087478638
924,-586.043119776671,1.5442309379577637
925,-297.4865860608362,1.5396654605865479
926,-295.91075993970395,1.537921667098999
927,-313.5266097435737,1.537251591682434
928,-291.9173980445011,1.5358521938323975
929,-312.97844097377885,1.5335335731506348
930,-306.9672611838622,1.5343742370605469
931,-300.8442088369378,1.5332127809524536
932,-308.14857254874886,1.5342600345611572
933,-494.1653851306527,1.5383957624435425
934,-321.4568810051331,1.5324177742004395
935,-320.73362922884127,1.5324804782867432
936,-272.6491896175641,1.534546136856079
937,-303.273989069042,1.5334473848342896
938,-372.2222656674266,1.5404841899871826
939,-259.95819222895716,1.5363940000534058
940,-254.01973833471357,1.5379083156585693
941,-307.09457675605125,1.5336034297943115
942,-275.97089202283723,1.5338819026947021
943,-299.3984736580875,1.5370935201644897
944,-300.1572419782196,1.5353106260299683
945,-287.0704915473541,1.5334055423736572
946,-293.0958166579187,1.5356385707855225
947,-257.6508276109503,1.5390347242355347
948,-286.9474818344014,1.5414777994155884
949,-311.11966603621016,1.5374315977096558
950,-291.24640386001073,1.531239628791809
951,-299.04834744268,1.53104567527771
952,-311.98455765869403,1.5289644002914429
953,-283.6618868838942,1.5281147956848145
954,-312.66922372978337,1.5268447399139404
955,-280.88798482701776,1.5306766033172607
956,-299.92771477636677,1.5286097526550293
957,-284.4238020427346,1.5296311378479004
958,-293.66144530229514,1.5301764011383057
959,-623.9508590764997,1.531533122062683
960,-313.01069476145665,1.5221641063690186
961,-332.72252721901754,1.5217751264572144
962,-286.24700673021187,1.5245038270950317
963,-286.60688481366526,1.5238076448440552
964,-293.89070175541497,1.524949312210083
965,-315.7557158074339,1.5234043598175049
966,-303.7105372676434,1.5265858173370361
967,-278.846486750485,1.5278427600860596
968,-299.0338977926147,1.5277619361877441
969,-297.94085275256936,1.5283491611480713
970,-317.5778284700629,1.527847170829773
971,-310.7016477011246,1.5311667919158936
972,-295.70020546769325,1.5305047035217285
973,-313.30004910091515,1.529633641242981
974,-288.5729960620621,1.5304169654846191
975,-322.36206250020166,1.5272305011749268
976,-616.9792977493887,1.5348076820373535
977,-268.5190404665088,1.5299309492111206
978,-298.3662409908123,1.5288573503494263
979,-314.7938099197245,1.5247496366500854
980,-302.9166118311964,1.5252892971038818
981,-297.0865930720787,1.5268803834915161
982,-281.24750501185076,1.5260790586471558
983,-302.0562816850466,1.5244524478912354
984,-415.988844716523,1.5285060405731201
985,-270.49585703752524,1.5306270122528076
986,-345.0988010479741,1.52993905544281
987,-300.4123856326608,1.5272483825683594
988,-303.3397803944588,1.5274189710617065
989,-259.7304226606971,1.529595136642456
990,-310.3552731051612,1.5271672010421753
991,-294.96619560756943,1.5266356468200684
992,-307.2376964215821,1.526839017868042
993,-289.6733411890008,1.526261806488037
994,-320.5202201152142,1.5226879119873047
995,-297.79937550110276,1.5248782634735107
996,-808.6946769051547,1.5297154188156128
997,-321.6497905516231,1.523454189300537
998,-294.53344369398627,1.526210069656372
999,-285.63157392733973,1.5245997905731201
1000,-296.02681835913125,1.5233010053634644
1001,-281.24712134339904,1.5228265523910522
1002,-279.18732696977725,1.5269815921783447
1003,-403.23261716035023,1.5272756814956665
1004,-319.8547836684891,1.5219076871871948
1005,-319.7385671157781,1.521591067314148
1006,-382.05109836330587,1.528317928314209
1007,-275.91556356133196,1.5247865915298462
1008,-306.496140009674,1.520062804222107
1009,-318.77264510983593,1.5191701650619507
1010,-292.18689475594954,1.5204658508300781
1011,-294.5964028576957,1.5203787088394165
1012,-320.54047499964105,1.517369031906128
1013,-339.99169834152593,1.5199739933013916
1014,-295.7503527964354,1.5203883647918701
1015,-317.64898071632314,1.5153095722198486
1016,-325.36701086202885,1.5166831016540527
1017,-306.6364509891256,1.5196549892425537
1018,-287.2736842531415,1.521584153175354
1019,-310.94738044504857,1.5178892612457275
1020,-295.9488538020083,1.519696593284607
1021,-292.16733925259064,1.5202120542526245
1022,-308.22207510917235,1.5172127485275269
1023,-320.9948170749446,1.5138118267059326
1024,-313.3002942049909,1.5130867958068848
1025,-289.02041010918254,1.5130043029785156
1026,-318.7963305557846,1.5077881813049316
1027,-300.5254527871846,1.5091291666030884
1028,-323.23316412874163,1.5039302110671997
1029,-314.20141269730505,1.5050444602966309
1030,-282.61185440919485,1.5032942295074463
1031,-295.77611968671243,1.4978511333465576
1032,-309.06534320093857,1.4943166971206665
1033,-321.8677844427345,1.4926602840423584
1034,-315.1915002735893,1.4919809103012085
1035,-320.3790087000198,1.4901608228683472
1036,-403.68718857565506,1.4972329139709473
1037,-271.6788076058423,1.4911880493164062
1038,-309.55883277507405,1.4896222352981567
1039,-290.0422601186507,1.490154504776001
1040,-309.6728787793845,1.4860731363296509
1041,-321.3249377048765,1.4849822521209717
1042,-327.82397742882165,1.4855660200119019
1043,-310.65297350838506,1.4891090393066406
1044,-320.4231671138531,1.4871455430984497
1045,-324.2803160173386,1.4872679710388184
1046,-301.1712492951044,1.4885236024856567
1047,-316.8810763699642,1.4891455173492432
1048,-281.07605328580564,1.495546817779541
1049,-278.62261348558366,1.4937856197357178
1050,-325.6079607247768,1.4911161661148071
1051,-271.8044480533143,1.4977284669876099
1052,-314.46162034198034,1.495072841644287
1053,-316.58385528959576,1.4956327676773071
1054,-308.035225436952,1.4991610050201416
1055,-301.3123273117642,1.50242280960083
1056,-309.13026455366736,1.499825119972229
1057,-291.9652772143612,1.5027062892913818
1058,-304.7011452972424,1.505041241645813
1059,-971.6285714724846,1.514464259147644
1060,-301.98660898971906,1.5065553188323975
1061,-313.7431194688847,1.5059889554977417
1062,-330.1372564575706,1.505515456199646
1063,-313.05646783910873,1.5072447061538696
1064,-286.54269800393814,1.5081992149353027
1065,-287.6238603325482,1.5100716352462769
1066,-317.79442111861636,1.508871078491211
1067,-324.05368175457085,1.5068632364273071
1068,-326.2742930105688,1.5058461427688599
1069,-236.25745304087707,1.5159791707992554
1070,-389.45137428150304,1.510699987411499
1071,-326.83716573864206,1.5013680458068848
1072,-258.54154950012213,1.5080103874206543
1073,-288.8578587267909,1.4994089603424072
1074,-292.4608746997648,1.4969068765640259
1075,-286.72906565595787,1.497304081916809
1076,-286.27046008984394,1.4978179931640625
1077,-303.84898754191187,1.4943913221359253
1078,-314.6239964195444,1.4904814958572388
1079,-307.83524987315866,1.4904106855392456
1080,-319.88182087712687,1.4882012605667114
1081,-306.70637528082807,1.4899730682373047
1082,-290.10176775809,1.4911015033721924
1083,-320.18657969491244,1.488358974456787
1084,-419.04920804034145,1.4898231029510498
1085,-276.26266671916574,1.4903514385223389
1086,-300.2587640025629,1.4856013059616089
1087,-289.6285818372489,1.4810090065002441
1088,-272.9101465633777,1.479784607887268
1089,-325.68470550814965,1.471224308013916
1090,-284.08240016609005,1.4745949506759644
1091,-312.7225662059444,1.4700456857681274
1092,-322.04475647595314,1.4667432308197021
1093,-293.1869689566727,1.4649670124053955
1094,-307.6797959944398,1.478637933731079
1095,-302.68482054744,1.4560682773590088
1096,-311.8971930620322,1.4537270069122314
1097,-305.5011627776997,1.4535937309265137
1098,-306.5233892869788,1.4492359161376953
1099,-315.6559799944625,1.4447910785675049
1100,-322.6722699816332,1.442401647567749
1101,-275.9861233705513,1.4495441913604736
1102,-313.8800667871765,1.4473254680633545
1103,-294.45101110102587,1.443062663078308
1104,-311.56247877859164,1.4427525997161865
1105,-304.1539801297553,1.4427974224090576
1106,-300.8574300114135,1.4477622509002686
1107,-321.48003029173424,1.4415433406829834
1108,-604.065233084679,1.4490300416946411
1109,-295.7835500067889,1.4491908550262451
1110,-306.87162018872976,1.4449999332427979
1111,-302.9374197283998,1.4473580121994019
1112,-319.608344601548,1.444503903388977
1113,-308.32427893635986,1.4480183124542236
1114,-311.37312341180655,1.4466650485992432
1115,-377.79971035651255,1.4534245729446411
1116,-326.73834720297765,1.446173906326294
1117,-295.6421757195142,1.453334927558899
1118,-310.1403519718722,1.4495962858200073
1119,-323.616288185468,1.4527614116668701
1120,-314.3749566879558,1.4513682126998901
1121,-299.45190442860604,1.4511373043060303
1122,-325.55941887732234,1.4496649503707886
1123,-300.3158657970733,1.448325514793396
1124,-439.29604978556887,1.4521715641021729
1125,-312.63158092339495,1.4535541534423828
1126,-304.12887573704177,1.4502558708190918
1127,-325.3898550961419,1.450150966644287
1128,-311.6648169377148,1.4489396810531616
1129,-319.6037110470779,1.451422929763794
1130,-294.3448654199413,1.4498546123504639
1131,-318.914756099095,1.4488656520843506
1132,-287.94055970437904,1.4511395692825317
1133,-314.0700978633573,1.4468947649002075
1134,-314.7380493548324,1.4506961107254028
1135,-310.8812298482716,1.4458160400390625
1136,-292.41241658773384,1.4460804462432861
1137,-284.9872419617219,1.4444339275360107
1138,-299.0718809922482,1.4383392333984375
1139,-299.34148354097863,1.439990758895874
1140,-289.2253531384264,1.4387249946594238
1141,-310.2499761337144,1.436339020729065
1142,-325.49209860212386,1.4358811378479004
1143,-320.38400558467276,1.4353991746902466
1144,-329.00592327679203,1.434988021850586
1145,-301.4407018706503,1.4372572898864746
1146,-328.8766759028796,1.4320024251937866
1147,-326.50891318963517,1.431748867034912
1148,-314.319922424503,1.4267617464065552
1149,-322.94327297785804,1.4273250102996826
1150,-302.34451121424013,1.4259135723114014
1151,-328.00238288417546,1.436781644821167
1152,-300.11788089001317,1.4250197410583496
1153,-331.2100043198397,1.417378306388855
1154,-297.3976403900801,1.4239684343338013
1155,-282.2373361152631,1.4186975955963135
1156,-325.10072010747473,1.4120736122131348
1157,-278.8101526854247,1.4185614585876465
1158,-319.86192008955345,1.4122695922851562
1159,-289.4178202435746,1.410571813583374
1160,-320.4771306496642,1.401096224784851
1161,-317.6755909669759,1.3948113918304443
1162,-307.6139498761159,1.3904306888580322
1163,-309.92154203558175,1.3909205198287964
1164,-318.10404512574155,1.3830024003982544
1165,-332.0142823629841,1.3807107210159302
1166,-316.7049323197238,1.3799071311950684
1167,-328.28834806078527,1.3772882223129272
1168,-330.80222133756115,1.3716309070587158
1169,-311.69886542373905,1.3684457540512085
1170,-320.720691844591,1.3680636882781982
1171,-298.3583264975134,1.3651257753372192
1172,-319.0318300591873,1.3643057346343994
1173,-319.40105481127597,1.3616154193878174
1174,-295.6633748538238,1.3645379543304443
1175,-309.17686544403597,1.3676174879074097
1176,-308.57349777778546,1.3592015504837036
1177,-279.2860008467017,1.3681696653366089
1178,-306.2896966883475,1.3674123287200928
1179,-298.87738807202044,1.3675494194030762
1180,-306.6576117556315,1.3680803775787354
1181,-452.79260716477177,1.3851453065872192
1182,-304.1943399632873,1.368765115737915
1183,-325.1867473741123,1.3616350889205933
1184,-325.67575607886346,1.3602473735809326
1185,-334.07667450568835,1.3554223775863647
1186,-302.51121830967185,1.359822154045105
1187,-301.15387650384645,1.358649730682373
1188,-314.1783952047036,1.3516590595245361
1189,-294.29359304037314,1.35282301902771
1190,-323.77341787390316,1.3528531789779663
1191,-320.43462068019926,1.3517379760742188
1192,-322.30177683780187,1.3555576801300049
1193,-308.153805202679,1.3525679111480713
1194,-303.8510218155059,1.352000117301941
1195,-336.2171476252752,1.3495275974273682
1196,-305.53237195813324,1.344500184059143
1197,-312.2596316415766,1.3431181907653809
1198,-312.35572622553167,1.3394862413406372
1199,-327.66314579473163,1.3369860649108887
1200,-315.57827164138996,1.3296555280685425
1201,-314.6374467457359,1.3327325582504272
1202,-305.66257228531174,1.3228703737258911
1203,-317.340147512697,1.3208874464035034
1204,-306.6225358584264,1.3146852254867554
1205,-321.1399567557265,1.3144009113311768
1206,-316.4891959380712,1.3118764162063599
1207,-304.8254878800099,1.3046658039093018
1208,-298.6312206174622,1.3039380311965942
1209,-372.85474783634277,1.313040852546692
1210,-319.42500500842186,1.296387791633606
1211,-352.6384084605019,1.3052948713302612
1212,-322.55743148060253,1.2918586730957031
1213,-298.6552091910008,1.2956252098083496
1214,-299.664008758828,1.2956058979034424
1215,-316.43729134062187,1.2821729183197021
1216,-306.5683374085434,1.2836655378341675
1217,-298.2214528777655,1.2855088710784912
1218,-299.189912157636,1.2861850261688232
1219,-314.8778013534667,1.2848865985870361
1220,-320.5951583129225,1.2840867042541504
1221,-318.5724691222605,1.2823656797409058
1222,-323.35298663213206,1.2814390659332275
1223,-308.9644388399809,1.279731035232544
1224,-300.9830102008533,1.2749944925308228
1225,-299.71220186782114,1.2742863893508911
1226,-308.7829329163771,1.275339126586914
1227,-326.657212932046,1.2680981159210205
1228,-297.04408790555635,1.2708827257156372
1229,-295.1648052849081,1.2728110551834106
1230,-309.4654037300136,1.2659010887145996
1231,-304.34863279412576,1.2658151388168335
1232,-325.2538629481208,1.2587271928787231
1233,-305.15373089955534,1.2644658088684082
1234,-322.2056809617214,1.2522737979888916
1235,-312.44550488145785,1.2492318153381348
1236,-308.510540674212,1.2515162229537964
1237,-327.20870252430393,1.249525785446167
1238,-322.0167385142997,1.248740553855896
1239,-313.6242992003191,1.2547155618667603
1240,-343.19300508825194,1.2571545839309692
1241,-329.11360380692304,1.245959997177124
1242,-301.19845165206436,1.2464544773101807
1243,-329.8288760168241,1.242155909538269
1244,-305.1800219938352,1.244186282157898
1245,-327.93322272724146,1.2463003396987915
1246,-303.73990728560955,1.2406128644943237
1247,-317.7508780381593,1.2456066608428955
1248,-319.57215237068925,1.235681414604187
1249,-321.79128126667007,1.235371470451355
1250,-327.51661226255,1.2344892024993896
1251,-330.5710368894827,1.231327772140503
1252,-307.0798525251561,1.2326384782791138
1253,-311.5417540320758,1.232308030128479
1254,-317.58846020602914,1.2251040935516357
1255,-290.371358302956,1.227809190750122
1256,-293.7563844359949,1.2214890718460083
1257,-301.73520118543564,1.2168716192245483
1258,-319.3610284278238,1.225495457649231
1259,-318.5339540016658,1.2082140445709229
1260,-305.21359919361504,1.2066285610198975
1261,-308.9488019854193,1.2065293788909912
1262,-313.5006536931279,1.207319736480713
1263,-314.54534326732414,1.2045716047286987
1264,-310.42144874827386,1.2150135040283203
1265,-320.4111058176009,1.2082563638687134
1266,-325.9050332652359,1.217496633529663
1267,-327.7093433798089,1.214202642440796
1268,-311.5204690285848,1.2224291563034058
1269,-320.2642534269842,1.223677396774292
1270,-300.24686998056075,1.2271827459335327
1271,-307.3601114848646,1.2389640808105469
1272,-318.8176033755692,1.2451382875442505
1273,-293.4092503417943,1.2538836002349854
1274,-295.9058989341802,1.2607523202896118
1275,-312.05567087027987,1.2663285732269287
1276,-326.64449572951435,1.2730929851531982
1277,-321.9324889700239,1.2776395082473755
1278,-323.3303818656193,1.2796263694763184
1279,-305.72103620552605,1.28200101852417
1280,-312.0850083487971,1.282960057258606
1281,-326.15929979459537,1.2878758907318115
1282,-320.93272775371327,1.2873246669769287
1283,-314.9780495878734,1.2906100749969482
1284,-318.8280584487982,1.2862790822982788
1285,-332.60925231400563,1.2844135761260986
1286,-292.96042675544936,1.2885088920593262
1287,-313.5306279164066,1.2855947017669678
1288,-311.03322767521036,1.2822396755218506
1289,-287.02740220111536,1.2909953594207764
1290,-297.3993534477753,1.2870962619781494
1291,-299.2607587633259,1.2894515991210938
1292,-434.89345745870224,1.2986429929733276
1293,-306.4156175114856,1.2790553569793701
1294,-289.6420869146392,1.2820185422897339
1295,-298.84432953405206,1.2796236276626587
1296,-312.78374770623077,1.274749755859375
1297,-291.59632970697106,1.285697102546692
1298,-314.2331145455821,1.2784335613250732
1299,-325.3764536452067,1.275804042816162
1300,-310.9276257320409,1.2704933881759644
1301,-321.3182501604307,1.269142746925354
1302,-306.6444360895139,1.2637250423431396
1303,-290.59261141877744,1.2614226341247559
1304,-291.95384921667244,1.2582465410232544
1305,-310.41988679866387,1.2526776790618896
1306,-299.8777906785046,1.2489421367645264
1307,-319.2474978566856,1.2467986345291138
1308,-313.1525197875365,1.2402983903884888
1309,-317.87113527350505,1.240395426750183
1310,-325.59998815034965,1.2325453758239746
1311,-285.1264303871406,1.2338589429855347
1312,-318.0802052648799,1.2248475551605225
1313,-329.53127989508073,1.2181646823883057
1314,-306.8747944899456,1.2134003639221191
1315,-328.4686738483898,1.2054868936538696
1316,-292.79024833989615,1.1980820894241333
1317,-300.70303673075034,1.188906192779541
1318,-325.15527937348867,1.1714714765548706
1319,-327.28496138656976,1.1635679006576538
1320,-319.8313445067253,1.1637699604034424
1321,-319.169193392897,1.1512839794158936
1322,-313.1659934444633,1.146761417388916
1323,-320.22201956978455,1.1430871486663818
1324,-307.55485288037625,1.140636682510376
1325,-325.89913645391425,1.1419061422348022
1326,-308.6345244168861,1.1362595558166504
1327,-313.5106318739924,1.1369608640670776
1328,-304.7981971257109,1.1332398653030396
1329,-313.63114603064867,1.1321375370025635
1330,-304.9862050634062,1.1340786218643188
1331,-329.19474205918726,1.1402194499969482
1332,-313.7366666463392,1.1418359279632568
1333,-315.05591272391507,1.1490216255187988
1334,-310.4768456968066,1.1504193544387817
1335,-314.050809210479,1.1610076427459717
1336,-323.36745943554206,1.1592884063720703
1337,-314.39479458680466,1.1700656414031982
1338,-322.60399123251375,1.1769521236419678
1339,-284.29418394203185,1.1723077297210693
1340,-307.53336044799863,1.1823183298110962
1341,-333.6247779427313,1.1756914854049683
1342,-312.4189713874002,1.1828432083129883
1343,-331.7152660666306,1.181976556777954
1344,-322.3191704648173,1.1820671558380127
1345,-336.8676820355741,1.1832727193832397
1346,-332.78092839619706,1.1890854835510254
1347,-313.77928446114714,1.1972423791885376
1348,-302.04154235875825,1.1993937492370605
1349,-323.0371852582923,1.2030775547027588
1350,-307.7132167082607,1.2093520164489746
1351,-309.6017162360272,1.2090518474578857
1352,-314.8130628233958,1.218592882156372
1353,-283.96297209477837,1.2114825248718262
1354,-326.5655142102094,1.207179307937622
1355,-309.1204683983068,1.2021303176879883
1356,-313.49481603371265,1.198986530303955
1357,-305.32938139410805,1.2064709663391113
1358,-302.27389244909864,1.1989480257034302
1359,-288.8517425898432,1.2059706449508667
1360,-305.4197325432618,1.2011058330535889
1361,-312.5106535886338,1.1922547817230225
1362,-302.8704828757287,1.198414921760559
1363,-321.3716267828471,1.1922171115875244
1364,-330.1649869391461,1.1921379566192627
1365,-293.7472679312083,1.1941853761672974
1366,-328.82386000619573,1.1904903650283813
1367,-292.78589006695665,1.1955513954162598
1368,-301.46784894310275,1.1970181465148926
1369,-318.1274688378026,1.1849855184555054
1370,-311.5499930510121,1.1834145784378052
1371,-292.227333739412,1.1850157976150513
1372,-320.99885480588716,1.1870954036712646
1373,-313.821547218651,1.1755870580673218
1374,-297.11987031868586,1.1752679347991943
1375,-323.77295764145873,1.1712020635604858
1376,-335.81658427882627,1.1582763195037842
1377,-321.6930253788929,1.1555696725845337
1378,-316.3775395687772,1.1489851474761963
1379,-323.2768418484605,1.1483534574508667
1380,-323.47008684703144,1.1413991451263428
1381,-321.06118620905977,1.1299344301223755
1382,-303.38341718873033,1.1296242475509644
1383,-303.8397843949242,1.1323764324188232
1384,-294.63753481093136,1.1326974630355835
1385,-353.6811383666498,1.1428691148757935
1386,-307.73053564036644,1.1237249374389648
1387,-292.3581011481163,1.1262245178222656
1388,-327.6477762697706,1.1126163005828857
1389,-282.01137506801035,1.1278271675109863
1390,-313.71895327666056,1.1116498708724976
1391,-329.73213115583536,1.1101077795028687
1392,-311.3938006999297,1.1169451475143433
1393,-326.5438143530712,1.1188172101974487
1394,-317.2487579889514,1.121511459350586
1395,-314.8746315030514,1.1187880039215088
1396,-286.99246811352754,1.1354079246520996
1397,-325.24000087069237,1.12611985206604
1398,-323.8551943879951,1.1280125379562378
1399,-311.6086166293324,1.1383064985275269
1400,-321.55411030274155,1.1471664905548096
1401,-319.69167330383135,1.1425694227218628
1402,-318.8641477388939,1.1395313739776611
1403,-301.08240415918243,1.1434695720672607
1404,-326.03126430471264,1.1393964290618896
1405,-326.1786610683119,1.1465587615966797
1406,-328.0647523173662,1.140316128730774
1407,-281.9431048287651,1.1642982959747314
1408,-321.90003149803044,1.1409143209457397
1409,-326.06964358917674,1.1444265842437744
1410,-326.50463390382276,1.1436831951141357
1411,-312.4557805798115,1.1414527893066406
1412,-316.73022568182506,1.137654185295105
1413,-325.03040751002936,1.1328332424163818
1414,-328.29651547658784,1.134505033493042
1415,-298.21260983080174,1.1555705070495605
1416,-315.53461373641346,1.1435660123825073
1417,-320.9279213973891,1.1374287605285645
1418,-317.52180132051063,1.1288537979125977
1419,-323.101241272984,1.1274058818817139
1420,-325.7277666979853,1.1240698099136353
1421,-330.8282488655641,1.1205474138259888
1422,-334.75663918426966,1.1178860664367676
1423,-315.2646170248523,1.1231427192687988
1424,-290.45625577884164,1.12773597240448
1425,-333.4293919990322,1.1129462718963623
1426,-329.6165451817496,1.114446759223938
1427,-325.70156404173895,1.112884283065796
1428,-297.3219880511177,1.1276774406433105
1429,-323.29977433819533,1.1150838136672974
1430,-316.64143509103474,1.127274751663208
1431,-279.6144205785191,1.1451311111450195
1432,-311.6452826455359,1.1212364435195923
1433,-321.6027291435205,1.1226392984390259
1434,-314.30585068883266,1.1234914064407349
1435,-291.11763974906495,1.1439348459243774
1436,-311.8894306591319,1.1316630840301514
1437,-315.0404986823827,1.1268457174301147
1438,-304.59332682073153,1.1373686790466309
1439,-318.5370878547203,1.128380537033081
1440,-314.8973078470033,1.134573221206665
1441,-320.6690379131077,1.1286460161209106
1442,-297.4014382564769,1.1339679956436157
1443,-320.29100613604055,1.1297414302825928
1444,-312.5875358765293,1.140944480895996
1445,-318.6032055591619,1.1282418966293335
1446,-302.4492202423029,1.1309762001037598
1447,-327.66256650174074,1.121097445487976
1448,-324.2443069824099,1.1199679374694824
1449,-318.2245675567217,1.12101411819458
1450,-325.8792451317162,1.116589903831482
1451,-300.07470307236366,1.1294219493865967
1452,-323.9618903074323,1.1137335300445557
1453,-319.72929454381585,1.1174124479293823
1454,-312.25504778051,1.1218171119689941
1455,-290.38056782467345,1.1478791236877441
1456,-311.08335719172965,1.1279399394989014
1457,-315.58524254818246,1.1338868141174316
1458,-305.85990924472526,1.1532241106033325
1459,-311.7341832718213,1.146348237991333
1460,-313.31893596406906,1.1508309841156006
1461,-313.156510680726,1.155248761177063
1462,-307.89975602641033,1.1633360385894775
1463,-326.94281327333914,1.1624767780303955
1464,-311.34505822578717,1.1781927347183228
1465,-323.13807013449224,1.1632825136184692
1466,-301.82404008175166,1.1712918281555176
1467,-307.01660722533546,1.174217939376831
1468,-304.7516358250715,1.1805574893951416
1469,-330.2593214197852,1.191689372062683
1470,-306.1806450153938,1.1804935932159424
1471,-314.69354980023263,1.17822265625
1472,-322.7562079678365,1.1826229095458984
1473,-317.6493459829715,1.1781606674194336
1474,-305.8568299752734,1.1841155290603638
1475,-325.89482198791114,1.1871424913406372
1476,-318.7244595025082,1.1941851377487183
1477,-305.8980448251894,1.2065125703811646
1478,-307.49657509211795,1.213303804397583
1479,-297.99599400288776,1.2261483669281006
1480,-316.6452722410923,1.223352074623108
1481,-296.3333949341282,1.223366618156433
1482,-321.2324947975243,1.21873140335083
1483,-301.9287129686684,1.2248090505599976
1484,-311.284584434849,1.2245326042175293
1485,-311.9638378393428,1.2253862619400024
1486,-310.21608233079365,1.2293943166732788
1487,-313.9873743078173,1.230454921722412
1488,-289.7217124362322,1.2457066774368286
1489,-312.9735134678955,1.2253791093826294
1490,-318.0245504445352,1.223487138748169
1491,-282.22908163958243,1.2452406883239746
1492,-299.8337479091333,1.2441502809524536
1493,-290.30361505590884,1.2538179159164429
1494,-318.832754426535,1.2324894666671753
1495,-304.19023408594967,1.2443853616714478
1496,-309.4932148125261,1.233940839767456
1497,-316.26175160446775,1.2312674522399902
1498,-308.9534317237703,1.236013412475586
1499,-281.95889883721185,1.24683678150177
1500,-309.6448185937073,1.2382363080978394
1501,-312.7928934996462,1.2390013933181763
1502,-317.30679781521496,1.2369256019592285
1503,-321.26280032499176,1.245400309562683
1504,-312.44689199045735,1.2393205165863037
1505,-307.6840342481151,1.246724247932434
1506,-315.427011567374,1.2418389320373535
1507,-317.66599839282964,1.242321491241455
1508,-302.0943411470326,1.249710202217102
1509,-282.1918768320821,1.250091314315796
1510,-294.4230476822461,1.254658818244934
1511,-318.6650015148492,1.2387408018112183
1512,-307.92993014641786,1.2555994987487793
1513,-303.3745631589197,1.2485913038253784
1514,-301.5843604588486,1.24492347240448
1515,-288.54579620487,1.2657546997070312
1516,-311.9041550985303,1.2534871101379395
1517,-297.788394604651,1.2557387351989746
1518,-310.60124185387025,1.255654215812683
1519,-304.90102454847204,1.2551605701446533
1520,-317.1018309244098,1.2608380317687988
1521,-330.90925917298784,1.2558027505874634
1522,-293.07564715556,1.2727946043014526
1523,-300.26287343728956,1.264980435371399
1524,-300.22126630533705,1.2682362794876099
1525,-309.1437274591322,1.261854648590088
1526,-320.68974727532344,1.2660833597183228
1527,-302.7216784354501,1.2670232057571411
1528,-321.80387326358357,1.2615058422088623
1529,-313.5841994429182,1.2634726762771606
1530,-316.2675118642877,1.2690151929855347
1531,-319.2445517428852,1.2697893381118774
1532,-312.15661212568966,1.2721850872039795
1533,-312.8001238133188,1.271949052810669
1534,-314.24256013862686,1.2786310911178589
1535,-285.4697076175233,1.28969407081604
1536,-301.6050534064634,1.2944207191467285
1537,-307.55968659169656,1.2937862873077393
1538,-303.6599851248188,1.2986595630645752
1539,-318.72131638467926,1.2896132469177246
1540,-287.3412525900944,1.3012466430664062
1541,-294.93012433365107,1.2995679378509521
1542,-306.97655002677857,1.2970391511917114
1543,-321.5924804096,1.2963274717330933
1544,-314.01471450187097,1.2973136901855469
1545,-306.92139675955667,1.3011525869369507
1546,-316.6106204043739,1.2998098134994507
1547,-310.081020342479,1.2948017120361328
1548,-303.9802069977961,1.2963635921478271
1549,-313.49904062974207,1.2907267808914185
1550,-382.84818937757467,1.3017224073410034
1551,-325.1517002377338,1.2845669984817505
1552,-296.8973948776626,1.2926242351531982
1553,-321.34675766902825,1.2823952436447144
1554,-327.6892814810766,1.2808551788330078
1555,-320.237776223051,1.2883491516113281
1556,-311.2274387122121,1.2821680307388306
1557,-326.2136261735344,1.2825865745544434
1558,-317.30147808204936,1.2797629833221436
1559,-316.9908312541,1.282341480255127
1560,-302.9007503542301,1.2912274599075317
1561,-318.6684870134383,1.289770245552063
1562,-288.0662241047542,1.2921969890594482
1563,-292.0700214616706,1.296417474746704
1564,-285.7656891249622,1.28863525390625
1565,-331.34797577872655,1.2820017337799072
1566,-311.6484776439377,1.2896870374679565
1567,-318.1556368955279,1.2914786338806152
1568,-309.3830087864147,1.291395664215088
1569,-291.1760697187689,1.2938873767852783
1570,-294.0155943555039,1.2949274778366089
1571,-304.005931012693,1.2819538116455078
1572,-287.2064752718183,1.2878273725509644
1573,-302.65263008016296,1.2806402444839478
1574,-308.0917406617288,1.284244418144226
1575,-379.6254459976682,1.2937356233596802
1576,-307.86660619723074,1.2883224487304688
1577,-322.58092766739867,1.2834036350250244
1578,-306.00784309859654,1.2866966724395752
1579,-301.48134758276467,1.2878412008285522
1580,-304.6433559844746,1.2918238639831543
1581,-323.38263175233453,1.2849386930465698
1582,-328.7484678109997,1.2807908058166504
1583,-319.46662845730924,1.2792246341705322
1584,-325.0888589128124,1.2821587324142456
1585,-310.92517494147705,1.2815009355545044
1586,-314.2442849928475,1.2738127708435059
1587,-301.566617578435,1.2685825824737549
1588,-300.487484054898,1.2757340669631958
1589,-343.3384231329433,1.2795398235321045
1590,-332.2114937362062,1.2566771507263184
1591,-292.0611853419613,1.2629605531692505
1592,-293.2932247350812,1.269266128540039
1593,-303.7880267941938,1.2558141946792603
1594,-324.9266094110128,1.2570589780807495
1595,-292.3590277817029,1.2572966814041138
1596,-319.979564671258,1.2580375671386719
1597,-313.4498957964859,1.254887342453003
1598,-308.2347200301318,1.2574151754379272
1599,-314.0267492809877,1.2685744762420654
1600,-320.51271722143036,1.2555593252182007
1601,-323.93923799982554,1.255158543586731
1602,-315.4114362824444,1.2580729722976685
1603,-324.9897760910395,1.2576851844787598
1604,-309.3791169865766,1.2672635316848755
1605,-292.61180754897356,1.261012315750122
1606,-282.141315886554,1.2782437801361084
1607,-300.4396902946507,1.2656972408294678
1608,-311.42166832527823,1.2693320512771606
1609,-311.4330172961762,1.2687764167785645
1610,-329.4948306233874,1.2636843919754028
1611,-317.1756329523646,1.267730474472046
1612,-318.4021431801435,1.2636727094650269
1613,-314.25834332849,1.2755799293518066
1614,-305.080087475711,1.273987054824829
1615,-306.0957477807712,1.2714817523956299
1616,-329.91575017685983,1.2671692371368408
1617,-321.9157939027753,1.27238929271698
1618,-313.3889312513004,1.2685006856918335
1619,-322.19663946795055,1.272074580192566
1620,-312.0419128719974,1.290961503982544
1621,-323.63740105494026,1.2687026262283325
1622,-327.5212106041079,1.2719321250915527
1623,-301.7198629900551,1.27692711353302
1624,-312.757937255351,1.2712167501449585
1625,-307.13601166670736,1.2759100198745728
1626,-306.15949880590347,1.27407705783844
1627,-301.90077614333387,1.2806326150894165
1628,-324.2594323332858,1.2675648927688599
1629,-313.2380747123393,1.2727458477020264
1630,-329.24422604094786,1.2670197486877441
1631,-318.095949281092,1.2638651132583618
1632,-326.184315406301,1.2686669826507568
1633,-293.32719894317756,1.2809085845947266
1634,-313.62524396789786,1.2668662071228027
1635,-308.5793518699544,1.276855230331421
1636,-329.3577711772906,1.267470121383667
1637,-312.29935333113536,1.270164966583252
1638,-307.3851433997754,1.279273509979248
1639,-320.18080891695786,1.27732515335083
1640,-301.96020517219677,1.271350622177124
1641,-314.7228092314389,1.2733250856399536
1642,-315.94449119557265,1.2661833763122559
1643,-307.2604167862671,1.269697666168213
1644,-319.3282266362487,1.2648215293884277
1645,-310.7070367971573,1.2694529294967651
1646,-322.9926994977934,1.2606207132339478
1647,-312.76752342320987,1.2635661363601685
1648,-315.70571976313664,1.258078694343567
1649,-327.8527791509742,1.2534631490707397
1650,-323.49284685922515,1.2546107769012451
1651,-311.43621899812547,1.2642077207565308
1652,-291.27219868446025,1.2693666219711304
1653,-302.6927651194245,1.265768051147461
1654,-304.2300415727198,1.2614129781723022
1655,-297.95374387764804,1.2634978294372559
1656,-290.95025025551837,1.274832844734192
1657,-326.54708258651067,1.2626080513000488
1658,-301.16318622691034,1.2661964893341064
1659,-325.72890219415757,1.2632088661193848
1660,-324.05529519840405,1.2678648233413696
1661,-325.83259174442907,1.26841139793396
1662,-328.5984990598585,1.263044834136963
1663,-298.24911132002444,1.2769086360931396
1664,-318.07961298112326,1.2710306644439697
1665,-311.96675980201405,1.281827449798584
1666,-313.3806268009993,1.2756520509719849
1667,-305.78844699471165,1.279185175895691
1668,-309.54929226842955,1.2770137786865234
1669,-360.3496350191212,1.3009051084518433
1670,-289.1380446850626,1.285693883895874
1671,-322.4247403485757,1.2799855470657349
1672,-292.8825001654774,1.287527084350586
1673,-324.62737400694294,1.2777783870697021
1674,-317.64503958179984,1.2860723733901978
1675,-319.63699129813097,1.282997727394104
1676,-320.70820573720613,1.2862956523895264
1677,-322.2486056970466,1.2868576049804688
1678,-326.2699919085702,1.2907500267028809
1679,-284.84047191047677,1.2978829145431519
1680,-313.3783095463154,1.2917437553405762
1681,-301.66157698697367,1.3015515804290771
1682,-301.1054813052167,1.3027211427688599
1683,-307.9046206239531,1.301453709602356
1684,-315.72227830128264,1.2961478233337402
1685,-304.874502898397,1.2999380826950073
1686,-327.8464069469955,1.2934807538986206
1687,-322.41881995623885,1.2957943677902222
1688,-320.8845985075542,1.2979880571365356
1689,-328.01093897186655,1.2973490953445435
1690,-323.0350307891594,1.296166181564331
1691,-331.968252183572,1.2944273948669434
1692,-326.1398801621242,1.297574758529663
1693,-328.27940128816726,1.2965586185455322
1694,-320.4108476302959,1.307921051979065
1695,-314.1492222506658,1.3089516162872314
1696,-313.14071490148245,1.312683343887329
1697,-314.02259935566263,1.3079733848571777
1698,-331.6506019883444,1.3078439235687256
1699,-317.1292766024304,1.3117789030075073
1700,-302.34527187079374,1.3211123943328857
1701,-322.36134510476916,1.3168531656265259
1702,-316.2928632608787,1.322162389755249
1703,-290.20909909255914,1.3349534273147583
1704,-324.43320800837245,1.3273268938064575
1705,-288.0450952124389,1.3407444953918457
1706,-291.8242881658318,1.336578369140625
1707,-302.89625199186827,1.337125539779663
1708,-324.16024666397203,1.3337442874908447
1709,-323.7123308221502,1.330416202545166
1710,-319.8226556574496,1.3386728763580322
1711,-302.23204846353934,1.349651575088501
1712,-304.4924397353603,1.3562291860580444
1713,-313.9257318971147,1.3499420881271362
1714,-281.42986980155683,1.3667106628417969
1715,-286.1282142279746,1.359591007232666
1716,-324.4343556513853,1.3537691831588745
1717,-322.1093763352997,1.3548033237457275
1718,-306.5190273466145,1.3569585084915161
1719,-299.50988359304796,1.3569353818893433
1720,-320.6891613151302,1.3512446880340576
1721,-312.9613887487214,1.3526822328567505
1722,-329.3007220975429,1.3510565757751465
1723,-485.9585575000015,1.3735636472702026
1724,-321.4834426707167,1.350774884223938
1725,-408.05915034381457,1.3665229082107544
1726,-327.23829986971145,1.3541849851608276
1727,-289.2453079648383,1.3595346212387085
1728,-299.2533449669589,1.3574379682540894
1729,-321.1960965081155,1.354738712310791
1730,-330.76149492549035,1.3510240316390991
1731,-325.71563692734685,1.3566763401031494
1732,-309.1374284986427,1.3558862209320068
1733,-323.00508033598277,1.355485200881958
1734,-301.7862633500478,1.3615543842315674
1735,-317.3045819462794,1.3614354133605957
1736,-289.86138437091734,1.366328477859497
1737,-325.13469461679654,1.3541418313980103
1738,-325.30524088964984,1.352658748626709
1739,-319.2498870920833,1.3583165407180786
1740,-330.0284837593556,1.3523614406585693
1741,-311.1771092951572,1.3577901124954224
1742,-317.8390327156245,1.3486559391021729
1743,-294.6596814778733,1.351983904838562
1744,-316.85874077306033,1.353708028793335
1745,-327.178704998207,1.3492478132247925
1746,-304.67918288917645,1.3544785976409912
1747,-317.41766948568767,1.3534525632858276
1748,-324.17424220741344,1.3605073690414429
1749,-298.8284426277362,1.3667055368423462
1750,-307.60387722236544,1.3638496398925781
1751,-265.31822324728273,1.3850735425949097
1752,-320.837340266819,1.3663133382797241
1753,-308.5201213059104,1.3721199035644531
1754,-281.55386056952887,1.3800675868988037
1755,-293.2981783199968,1.384468913078308
1756,-326.0929530375901,1.3701235055923462
1757,-300.03465854521215,1.3751403093338013
1758,-322.56762586413373,1.3743239641189575
1759,-313.9421212612226,1.379173994064331
1760,-316.4750266245319,1.3800885677337646
1761,-324.89978086547677,1.3944156169891357
1762,-299.4459941359916,1.3946653604507446
1763,-312.6427359311441,1.3834145069122314
1764,-309.4694002592367,1.3904074430465698
1765,-313.537931902691,1.3827452659606934
1766,-313.7535854065585,1.3870906829833984
1767,-310.77100659491623,1.38621187210083
1768,-306.88206613201237,1.3880691528320312
1769,-291.2845032559066,1.3925431966781616
1770,-316.9930817553019,1.3896689414978027
1771,-295.8790443374227,1.3949267864227295
1772,-316.32860622119716,1.3948954343795776
1773,-323.73956435644624,1.3897476196289062
1774,-287.4540188601297,1.3962771892547607
1775,-321.6999878165089,1.3893975019454956
1776,-310.95668671403695,1.3855681419372559
1777,-316.6745133796366,1.3870384693145752
1778,-287.2551454119174,1.3899275064468384
1779,-307.69820840320665,1.3840898275375366
1780,-309.12164828567575,1.3847923278808594
1781,-299.72532384109286,1.3923124074935913
1782,-298.55222314059483,1.3880475759506226
1783,-312.00371615427537,1.3833502531051636
1784,-314.7443867332086,1.3861006498336792
1785,-302.2495595936225,1.3864688873291016
1786,-316.28258382968625,1.389115810394287
1787,-305.3806726049173,1.3891971111297607
1788,-323.61698337054713,1.3921033143997192
1789,-320.7049056072591,1.3951952457427979
1790,-324.1287642567372,1.3950525522232056
1791,-325.0065973052146,1.3971303701400757
1792,-327.86505966740515,1.3957886695861816
1793,-305.2563602452759,1.395236849784851
1794,-286.0473783098541,1.3966584205627441
1795,-321.9301326636215,1.3994877338409424
1796,-330.14533440238876,1.3976714611053467
1797,-278.6513384024414,1.413191318511963
1798,-302.5399099596749,1.4089311361312866
1799,-323.3186924812539,1.4050618410110474
1800,-324.8348975902559,1.4046739339828491
1801,-293.3729411618419,1.4101371765136719
1802,-319.4283451844819,1.4137682914733887
1803,-311.56162409285315,1.4200955629348755
1804,-327.51814872406635,1.42276930809021
1805,-281.92009151352255,1.4286482334136963
1806,-362.34639559506365,1.4374572038650513
1807,-314.9513355047997,1.4315823316574097
1808,-315.4788531615398,1.433971643447876
1809,-321.40625416429083,1.4379680156707764
1810,-324.09105218485394,1.44060218334198
1811,-281.60656314160656,1.4391887187957764
1812,-554.4868720283811,1.4531128406524658
1813,-304.8982267906379,1.4428629875183105
1814,-328.880384811782,1.4422886371612549
1815,-299.55624518520165,1.4398401975631714
1816,-286.7037992137587,1.440406084060669
1817,-321.7760186474719,1.4469985961914062
1818,-310.2075001262055,1.4456086158752441
1819,-300.9324456758616,1.4454576969146729
1820,-292.919534613997,1.44551420211792
1821,-326.6382531196003,1.4435864686965942
1822,-317.6832966256439,1.4433690309524536
1823,-319.4125835418083,1.446899652481079
1824,-317.36068920554595,1.445839524269104
1825,-331.9876894778869,1.4445852041244507
1826,-321.36058396346886,1.4441126585006714
1827,-318.6801931056218,1.4498236179351807
1828,-316.7819453955121,1.4465959072113037
1829,-289.2128836863542,1.4478529691696167
1830,-289.1160205072222,1.4492247104644775
1831,-304.1166922713013,1.4498813152313232
1832,-312.93293541914215,1.4489191770553589
1833,-333.6766279829187,1.4526863098144531
1834,-324.70098051910037,1.4530936479568481
1835,-322.756682449868,1.455519437789917
1836,-299.2286901167932,1.4511363506317139
1837,-303.8400267622887,1.4588274955749512
1838,-278.82048483241414,1.4561315774917603
1839,-279.4073494720084,1.4566617012023926
1840,-301.6140670115554,1.4567031860351562
1841,-302.6835354962961,1.459250807762146
1842,-294.6285631925331,1.4569056034088135
1843,-287.1823142698565,1.4697984457015991
1844,-321.6006882053578,1.4659769535064697
1845,-311.7268025511257,1.4646799564361572
1846,-301.82114546500884,1.4638340473175049
1847,-307.19440651037075,1.4641178846359253
1848,-383.4188831746154,1.4654074907302856
1849,-297.948869209036,1.4669253826141357
1850,-293.82794478735804,1.4677575826644897
1851,-300.044699466744,1.4698113203048706
1852,-319.2422098931493,1.4725189208984375
1853,-309.48197770575536,1.4689210653305054
1854,-319.03250785507254,1.4744102954864502
1855,-314.1025391078864,1.4698351621627808
1856,-321.26847235943654,1.4712995290756226
1857,-332.6794689597229,1.4736554622650146
1858,-411.3690915166897,1.4745839834213257
1859,-276.5305685271863,1.4784654378890991
1860,-311.0613522402255,1.4751110076904297
1861,-323.45793409945406,1.4751111268997192
1862,-303.05444682848866,1.4752190113067627
1863,-324.2074152531399,1.4754397869110107
1864,-310.8501556391853,1.4739470481872559
1865,-288.50464277789143,1.475720763206482
1866,-324.71510773895744,1.4742696285247803
1867,-304.27771409438867,1.4691860675811768
1868,-311.1929377790169,1.4708073139190674
1869,-327.45654939107413,1.4705811738967896
1870,-297.0037389897703,1.4670895338058472
1871,-315.2253014466053,1.4705708026885986
1872,-323.7694772145143,1.4698225259780884
1873,-304.8011751600649,1.4670660495758057
1874,-315.34637637055835,1.4718647003173828
1875,-313.49294807767876,1.4665467739105225
1876,-303.38243632080037,1.4669603109359741
1877,-318.3311044258477,1.4702038764953613
1878,-322.8109517818948,1.468106746673584
1879,-297.539860877378,1.465344786643982
1880,-304.535442132453,1.4671803712844849
1881,-331.23776350425493,1.469347596168518
1882,-334.7703760584533,1.473219394683838
1883,-334.3559765539367,1.469279408454895
1884,-314.0574336170125,1.4716839790344238
1885,-307.58402141122014,1.4663922786712646
1886,-310.94250714155316,1.4665451049804688
1887,-305.5879827795577,1.4646551609039307
1888,-318.7136449562783,1.4643477201461792
1889,-275.1262761930813,1.4726392030715942
1890,-316.9775304174968,1.4622873067855835
1891,-327.4994724180212,1.4629006385803223
1892,-291.07273158518495,1.4596607685089111
1893,-317.40112646939247,1.4558863639831543
1894,-291.349256545239,1.456738829612732
1895,-320.77352570116796,1.4549814462661743
1896,-320.961790833562,1.4550305604934692
1897,-342.34094790154234,1.453450322151184
1898,-290.92976675881795,1.4568383693695068
1899,-315.96777195792447,1.4456737041473389
1900,-314.8396769798468,1.4489573240280151
1901,-307.875441794853,1.4412258863449097
1902,-326.15712547896743,1.4432722330093384
1903,-318.9986251728553,1.4414947032928467
1904,-306.73802367878386,1.439328670501709
1905,-339.39413623306183,1.4397004842758179
1906,-301.10352004835823,1.4341037273406982
1907,-305.2101095327415,1.4374809265136719
1908,-325.36593941272724,1.4408061504364014
1909,-323.02341096689264,1.437986969947815
1910,-329.193502349621,1.4409804344177246
1911,-304.96032627832625,1.4408202171325684
1912,-315.83722029158736,1.4449604749679565
1913,-326.6157784902512,1.4458009004592896
1914,-318.4318364752804,1.4443144798278809
1915,-296.619084073898,1.4425487518310547
1916,-317.46267205896027,1.447679042816162
1917,-321.9016206510836,1.4493407011032104
1918,-311.45455044271455,1.449401617050171
1919,-323.62057780409003,1.4521336555480957
1920,-312.262141249424,1.4538066387176514
1921,-331.30979740386715,1.4517185688018799
1922,-305.826478865631,1.4523320198059082
1923,-314.9119915410595,1.4521560668945312
