#{"t_start": 1785149413.770294, "env_id": "None"}
r,l,t
-311.882992,52,0.022556
-338.670076,52,0.031037
-280.892792,52,0.039764
-268.78325,52,0.047999
-308.156897,52,0.097154
-276.906803,52,0.105697
-275.659399,52,0.113916
-277.143303,52,0.122173
-326.729957,52,0.13039
-310.704335,52,0.17705
-285.007772,52,0.185396
-284.820435,52,0.193672
-581.709255,52,0.202064
-288.643933,52,0.210307
-284.449561,52,0.256553
-307.979641,52,0.264965
-288.46364,52,0.27339
-309.353967,52,0.281685
-339.20244,52,0.290123
-305.499959,52,0.33646
-315.855326,52,0.344725
-278.469485,52,0.353041
-393.602017,52,0.361308
-285.439851,52,0.369679
-299.202705,52,0.420761
-283.6657,52,0.429017
-279.860272,52,0.437457
-317.798306,52,0.44571
-753.545102,52,0.453907
-274.393031,52,0.500579
-268.223395,52,0.508883
-477.146331,52,0.517036
-362.899159,52,0.525474
-307.518381,52,0.534145
-299.028546,52,0.583785
-273.265048,52,0.592193
-289.802877,52,0.600448
-305.025948,52,0.608962
-297.323875,52,0.617247
-276.2199,52,0.664508
-305.641512,52,0.673057
-600.836673,52,0.681393
-278.777819,52,0.689719
-276.637895,52,0.697962
-294.904841,52,0.744437
-292.490101,52,0.752947
-307.763382,52,0.761268
-297.554478,52,0.769541
-276.643914,52,0.777742
-305.158571,52,0.824354
-326.570409,52,0.832624
-300.929152,52,0.841073
-371.57835,52,0.849318
-356.881147,52,0.857552
-352.045009,52,0.903773
-283.013131,52,0.912052
-632.278661,52,0.920421
-278.216493,52,0.928679
-267.731535,52,0.937074
-292.632871,52,0.989387
-303.597896,52,0.99842
-295.354712,52,1.007242
-296.569887,52,1.015866
-299.00876,52,1.024794
-299.479096,52,1.081927
-231.910788,52,1.0915
-308.215443,52,1.100262
-298.957882,52,1.109327
-323.284506,52,1.167428
-283.627647,52,1.176381
-298.706873,52,1.184696
-526.532305,52,1.193136
-294.551332,52,1.201383
-730.027952,52,1.249099
-302.443314,52,1.257699
-305.879756,52,1.265974
-287.172976,52,1.274304
-744.510435,52,1.282513
-287.597628,52,1.328955
-275.378236,52,1.337277
-282.863919,52,1.345489
-321.462369,52,1.353919
-349.446708,52,1.362213
-303.730474,52,1.40856
-315.381813,52,1.417004
-273.156923,52,1.425446
-309.978892,52,1.433732
-304.964618,52,1.441982
-267.236022,52,1.488225
-295.284828,52,1.496599
-284.751131,52,1.504995
-309.972381,52,1.513237
-299.62194,52,1.521412
-279.595942,52,1.567594
-281.882731,52,1.576032
-296.723901,52,1.584267
-264.142563,52,1.592511
-297.940056,52,1.600693
-299.646198,52,1.646879
-297.245481,52,1.655389
-284.66603,52,1.663707
-345.710736,52,1.671911
-341.50365,52,1.680125
-1311.506229,52,1.726203
-319.97644,52,1.734501
-295.1159,52,1.742979
-318.788225,52,1.751252
-307.672246,52,1.759498
-415.530474,52,1.805921
-285.821043,52,1.814161
-274.616767,52,1.822439
-384.665138,52,1.83063
-300.13402,52,1.838819
-244.547932,52,1.885348
-301.927702,52,1.893647
-284.575943,52,1.901982
-294.446236,52,1.910307
-332.435519,52,1.918557
-290.319399,52,1.964948
-306.509434,52,1.973443
-272.219858,52,1.981702
-292.881718,52,1.990119
-317.241536,52,1.998313
-694.394651,52,2.04486
-313.517072,52,2.053307
-471.852778,52,2.061618
-306.812565,52,2.069921
-294.039363,52,2.078114
-318.161161,52,2.12449
-295.150115,52,2.132764
-305.55233,52,2.141199
-306.013327,52,2.149493
-280.75437,52,2.195621
-278.739036,52,2.204157
-295.126099,52,2.212471
-296.719651,52,2.22073
-263.729082,52,2.228965
-287.968791,52,2.275359
-304.866231,52,2.283725
-285.34918,52,2.291979
-270.833376,52,2.300161
-276.456203,52,2.308578
-312.290887,52,2.35494
-302.405767,52,2.363244
-294.420366,52,2.371673
-293.730773,52,2.379967
-300.809221,52,2.388424
-276.585232,52,2.4347
-389.785238,52,2.443206
-315.236367,52,2.451503
-547.721603,52,2.459811
-298.139153,52,2.468035
-1081.84632,52,2.514007
-305.110492,52,2.522509
-263.525636,52,2.530736
-315.67182,52,2.539069
-287.872843,52,2.547286
-304.919814,52,2.593505
-267.307483,52,2.601928
-303.66006,52,2.610211
-338.653339,52,2.618503
-274.298474,52,2.626718
-265.738286,52,2.672911
-259.057787,52,2.68124
-261.036521,52,2.689709
-284.439787,52,2.697959
-297.231878,52,2.706165
-300.722391,52,2.752433
-303.938942,52,2.760767
-336.1674,52,2.769192
-312.161698,52,2.777424
-295.791317,52,2.785804
-300.227681,52,2.832391
-289.939761,52,2.840886
-306.556334,52,2.849135
-294.581762,52,2.857418
-362.379051,52,2.865642
-420.745907,52,2.911794
-268.751748,52,2.920222
-285.357971,52,2.928501
-247.708986,52,2.936875
-315.161909,52,2.945115
-310.993533,52,2.991285
-295.402037,52,2.999555
-309.770159,52,3.007928
-289.545719,52,3.016165
-277.440969,52,3.024575
-334.585398,52,3.070931
-271.384292,52,3.079184
-244.607579,52,3.08741
-375.939613,52,3.095574
-308.015147,52,3.10375
-345.069569,52,3.149844
-295.502919,52,3.158333
-343.549854,52,3.166598
-543.262439,52,3.174895
-278.260037,52,3.22126
-651.67824,52,3.22962
-255.346187,52,3.238003
-301.934599,52,3.246242
-288.00203,52,3.254456
-300.641345,52,3.300586
-287.654485,52,3.309088
-306.715141,52,3.317317
-268.973376,52,3.325786
-322.825743,52,3.334024
-481.038157,52,3.380423
-314.854534,52,3.388926
-276.913641,52,3.397126
-402.425699,52,3.405408
-297.28424,52,3.413619
-282.349087,52,3.460227
-310.335012,52,3.468585
-283.087413,52,3.476886
-302.036579,52,3.48515
-300.200628,52,3.493329
-276.356834,52,3.539545
-293.841112,52,3.547795
-319.217927,52,3.556164
-270.261917,52,3.56437
-295.650199,52,3.572531
-259.918041,52,3.618854
-298.756569,52,3.6272
-279.183353,52,3.635455
-301.412767,52,3.643674
-282.430969,52,3.651953
-340.141063,52,3.698202
-301.960837,52,3.706487
-282.666977,52,3.714696
-268.788991,52,3.723092
-606.56626,52,3.731309
-306.298162,52,3.777509
-281.239899,52,3.785807
-829.853503,52,3.794015
-291.064912,52,3.802224
-301.718147,52,3.810428
-255.246549,52,3.856453
-262.988655,52,3.864717
-515.907491,52,3.873034
-423.902294,52,3.881246
-257.472086,52,3.889422
-269.100747,52,3.935762
-302.203942,52,3.944006
-292.89313,52,3.952398
-317.846088,52,3.960644
-252.035195,52,3.968816
-255.983142,52,4.01534
-288.829853,52,4.023814
-282.770594,52,4.032056
-285.792337,52,4.040427
-291.072957,52,4.048627
-259.748091,52,4.09467
-317.57488,52,4.103058
-354.489398,52,4.111353
-397.662722,52,4.119706
-294.022046,52,4.12794
-279.40607,52,4.174185
-273.400774,52,4.182357
-282.91931,52,4.190539
-485.20821,52,4.198695
-536.731302,52,4.244495
-278.647358,52,4.253012
-293.75304,52,4.261253
-275.80169,52,4.269516
-350.303689,52,4.277692
-258.742399,52,4.323592
-407.436256,52,4.331868
-288.816847,52,4.340042
-270.471795,52,4.348192
-416.951205,52,4.356542
-395.463166,52,4.427006
-267.231136,52,4.435285
-259.064396,52,4.443508
-286.865238,52,4.45181
-286.109953,52,4.460203
-297.160042,52,4.506517
-286.022097,52,4.514801
-395.144057,52,4.522998
-1084.036978,52,4.531164
-261.326562,52,4.539568
-325.039035,52,4.585664
-261.240606,52,4.593982
-278.803616,52,4.602283
-293.595209,52,4.610591
-303.671821,52,4.618815
-303.595453,52,4.66483
-450.267461,52,4.673139
-286.57031,52,4.68134
-1326.513671,52,4.689758
-267.59607,52,4.697945
-299.445682,52,4.744154
-298.112664,52,4.752465
-289.410171,52,4.760687
-251.783589,52,4.768989
-293.469279,52,4.777269
-257.217229,52,4.823822
-263.235893,52,4.832014
-264.412092,52,4.840405
-284.87474,52,4.84857
-274.445752,52,4.856732
-273.631415,52,4.903267
-1052.848392,52,4.911568
-461.516805,52,4.919846
-300.945819,52,4.92807
-273.346276,52,4.936231
-802.887653,52,4.98203
-287.626017,52,4.990504
-293.887808,52,4.998771
-289.127272,52,5.006975
-327.048426,52,5.015174
-257.877674,52,5.061444
-1018.446085,52,5.069875
-297.587686,52,5.078212
-282.740816,52,5.086385
-313.48834,52,5.094598
-287.931144,52,5.140957
-270.633803,52,5.14921
-314.482099,52,5.157536
-318.28278,52,5.165736
-301.545238,52,5.174008
-527.86265,52,5.220267
-308.442562,52,5.228553
-270.030392,52,5.236796
-302.556635,52,5.244962
-283.686564,52,5.29076
-319.195357,52,5.29912
-289.525797,52,5.307545
-286.995434,52,5.315788
-289.885284,52,5.323975
-297.382205,52,5.369949
-306.78009,52,5.378294
-473.340253,52,5.387019
-300.222514,52,5.39551
-299.732496,52,5.404234
-305.60736,52,5.452435
-293.872387,52,5.46075
-281.064409,52,5.469138
-303.633812,52,5.477454
-287.744919,52,5.485707
-300.177292,52,5.532216
-347.231507,52,5.540541
-281.530417,52,5.548733
-303.818286,52,5.556954
-292.507781,52,5.565081
-291.225321,52,5.611273
-322.333555,52,5.619691
-311.652566,52,5.62796
-258.693106,52,5.636352
-311.22295,52,5.644597
-244.744302,52,5.690844
-271.181796,52,5.699109
-287.861273,52,5.707496
-280.170795,52,5.715688
-286.357579,52,5.723922
-288.942407,52,5.770087
-422.773142,52,5.77832
-300.630328,52,5.786589
-313.188687,52,5.794858
-300.626446,52,5.803098
-307.933558,52,5.849275
-302.800428,52,5.857846
-503.52291,52,5.866105
-331.138047,52,5.874482
-302.009608,52,5.882675
-306.119668,52,5.929219
-294.846236,52,5.937701
-284.041249,52,5.946032
-312.626191,52,5.954516
-377.228938,52,5.962773
-306.731084,52,6.009122
-307.55086,52,6.017395
-307.493397,52,6.025662
-295.920831,52,6.033839
-301.373979,52,6.042024
-320.177265,52,6.088444
-296.953785,52,6.096753
-308.644712,52,6.105063
-298.788118,52,6.113353
-284.727904,52,6.121586
-317.932093,52,6.167702
-296.085293,52,6.175989
-297.201827,52,6.184226
-276.74438,52,6.192701
-292.790224,52,6.200885
-311.305893,52,6.247047
-308.413124,52,6.255517
-278.115975,52,6.26379
-304.273117,52,6.272165
-302.533893,52,6.318195
-314.528607,52,6.326582
-301.231995,52,6.334869
-298.648085,52,6.343155
-275.58576,52,6.351384
-304.155393,52,6.397808
-321.442624,52,6.406313
-318.669064,52,6.414539
-318.36244,52,6.422834
-312.366768,52,6.431237
-320.896539,52,6.477524
-282.853495,52,6.486018
-300.837207,52,6.494292
-311.553898,52,6.502536
-298.751337,52,6.510739
-266.162063,52,6.556906
-278.315484,52,6.565228
-307.333865,52,6.573694
-292.521192,52,6.582019
-320.404385,52,6.590432
-315.392428,52,6.636755
-309.385747,52,6.645083
-318.136709,52,6.653406
-311.499782,52,6.66166
-307.57296,52,6.669928
-279.701481,52,6.716045
-268.351008,52,6.724509
-318.939143,52,6.732759
-280.754707,52,6.741007
-285.569019,52,6.749219
-296.36874,52,6.795846
-285.550037,52,6.804175
-293.902678,52,6.812391
-301.19198,52,6.820574
-312.883629,52,6.828734
-291.324747,52,6.874557
-292.555397,52,6.882813
-338.378631,52,6.891197
-422.595381,52,6.899442
-255.514665,52,6.907606
-298.437761,52,6.953703
-300.179318,52,6.96198
-291.144285,52,6.97029
-295.05834,52,6.978516
-324.192711,52,6.986952
-287.313643,52,7.033324
-365.223022,52,7.041817
-265.972183,52,7.050083
-283.298906,52,7.058349
-269.690571,52,7.066517
-299.083718,52,7.112902
-280.214733,52,7.121182
-243.496373,52,7.129359
-282.669889,52,7.137685
-293.644069,52,7.145959
-264.922205,52,7.192361
-334.789906,52,7.200621
-291.291063,52,7.20907
-299.86614,52,7.217292
-293.182515,52,7.225696
-334.02194,52,7.271812
-310.102125,52,7.280095
-299.037416,52,7.288329
-248.790139,52,7.296566
-285.575693,52,7.342871
-274.656165,52,7.351186
-284.901793,52,7.35961
-284.962388,52,7.367845
-664.652506,52,7.376203
-302.325198,52,7.422348
-257.58285,52,7.430627
-248.784514,52,7.439302
-294.475607,52,7.447577
-299.019953,52,7.455957
-303.456644,52,7.502084
-284.174286,52,7.51037
-259.991591,52,7.518659
-265.158656,52,7.52692
-248.018352,52,7.535143
-254.854754,52,7.58105
-357.50329,52,7.589474
-304.430955,52,7.597662
-287.169177,52,7.606072
-279.747854,52,7.61431
-226.876104,52,7.660166
-277.751449,52,7.668491
-251.643238,52,7.676757
-262.361855,52,7.68509
-514.103754,52,7.693354
-557.639937,52,7.739724
-653.202816,52,7.74804
-268.78264,52,7.756417
-394.626308,52,7.764643
-243.418949,52,7.772951
-647.832712,52,7.819241
-440.487097,52,7.827494
-261.705317,52,7.835666
-277.399014,52,7.843806
-316.618377,52,7.852005
-404.48314,52,7.898233
-237.019636,52,7.906704
-336.958355,52,7.914926
-264.804456,52,7.92307
-300.657776,52,7.931177
-347.894983,52,7.982801
-243.360256,52,7.993254
-284.590021,52,8.007785
-242.568592,52,8.01728
-292.652604,52,8.027188
-294.413109,52,8.10646
-268.936558,52,8.11486
-276.580903,52,8.126227
-290.451966,52,8.136172
-289.745083,52,8.144427
-575.806578,52,8.191571
-274.408416,52,8.199841
-298.512562,52,8.208398
-311.651865,52,8.216654
-262.045371,52,8.225142
-283.342866,52,8.271777
-292.473417,52,8.280075
-294.163381,52,8.288517
-349.115845,52,8.296737
-280.809064,52,8.304983
-315.484429,52,8.351456
-303.346994,52,8.35978
-288.20964,52,8.368034
-297.173601,52,8.37619
-314.87807,52,8.422054
-317.71976,52,8.430403
-299.63718,52,8.438719
-254.197648,52,8.446902
-297.365822,52,8.45504
-307.467708,52,8.501437
-323.347648,52,8.509834
-273.794641,52,8.518041
-283.89902,52,8.52634
-311.602316,52,8.534574
-282.745634,52,8.580822
-276.03502,52,8.589333
-360.419433,52,8.597567
-294.94219,52,8.605985
-282.369327,52,8.614201
-295.626734,52,8.660592
-310.115812,52,8.66905
-284.543762,52,8.677307
-270.783131,52,8.685542
-264.757946,52,8.693693
-277.918892,52,8.73968
-293.413922,52,8.747956
-495.580712,52,8.756319
-272.360099,52,8.764518
-284.348298,52,8.772925
-297.171568,52,8.819631
-258.70281,52,8.827885
-288.913041,52,8.836157
-243.740419,52,8.844352
-291.936039,52,8.852682
-245.9456,52,8.898894
-228.853999,52,8.907298
-283.203178,52,8.915489
-315.778428,52,8.923757
-282.49613,52,8.931925
-307.016494,52,8.978151
-331.309878,52,8.98663
-257.025346,52,8.994906
-284.653144,52,9.003221
-528.281264,52,9.01147
-292.745856,52,9.057743
-299.019112,52,9.06607
-259.734517,52,9.074518
-300.694364,52,9.082767
-274.556054,52,9.091207
-266.783084,52,9.137767
-275.601883,52,9.14607
-306.34485,52,9.154281
-257.946228,52,9.162438
-260.940972,52,9.17059
-280.407718,52,9.217108
-491.606205,52,9.22532
-305.047096,52,9.233475
-281.668297,52,9.241601
-320.683033,52,9.249733
-594.433806,52,9.295759
-397.31076,52,9.304022
-272.710129,52,9.312238
-288.196259,52,9.320377
-282.34743,52,9.328521
-301.963158,52,9.374349
-285.783198,52,9.382588
-289.624039,52,9.3908
-253.864617,52,9.398989
-288.11994,52,9.445411
-270.401884,52,9.45375
-275.794214,52,9.461951
-291.485585,52,9.470364
-290.097235,52,9.478657
-315.032678,52,9.524456
-291.304011,52,9.532832
-322.647789,52,9.54126
-304.34825,52,9.549513
-292.646234,52,9.557808
-293.448658,52,9.60453
-309.813942,52,9.612847
-306.77931,52,9.621252
-312.117594,52,9.629592
-488.737097,52,9.63798
-307.466297,52,9.683918
-296.347508,52,9.692473
-303.594907,52,9.700729
-304.371435,52,9.709088
-314.917522,52,9.7173
-313.968379,52,9.763737
-312.193625,52,9.772212
-310.922769,52,9.780467
-276.832436,52,9.788759
-292.868596,52,9.796969
-299.52341,52,9.843057
-306.698935,52,9.851373
-284.784242,52,9.859664
-303.527655,52,9.867862
-321.918616,52,9.876135
-286.096753,52,9.922297
-306.157165,52,9.930614
-296.760073,52,9.939015
-296.974376,52,9.947369
-469.340145,52,9.955624
-287.442174,52,10.001861
-308.304949,52,10.010187
-313.096829,52,10.018602
-277.225391,52,10.026931
-274.163205,52,10.035181
-307.539882,52,10.081475
-252.307214,52,10.089974
-297.585814,52,10.098199
-268.974858,52,10.106647
-289.385811,52,10.114921
-286.15235,52,10.161539
-290.87164,52,10.169973
-265.085741,52,10.178306
-250.694413,52,10.186558
-294.398792,52,10.194776
-270.633512,52,10.241018
-273.465996,52,10.249306
-274.091105,52,10.257679
-306.944429,52,10.265899
-286.581875,52,10.274078
-283.29672,52,10.320287
-270.95415,52,10.328532
-305.053778,52,10.336719
-274.393567,52,10.344868
-359.497426,52,10.353234
-290.746218,52,10.401634
-266.400175,52,10.410184
-276.250326,52,10.41889
-397.425192,52,10.42722
-295.706592,52,10.474255
-288.357899,52,10.482606
-300.59259,52,10.491024
-270.373575,52,10.499291
-269.044095,52,10.507696
-282.772708,52,10.553916
-255.039714,52,10.562227
-301.210932,52,10.570626
-229.312027,52,10.57887
-266.678828,52,10.587108
-277.984566,52,10.633369
-242.325515,52,10.641608
-268.755533,52,10.649751
-236.540862,52,10.657931
-1035.144647,52,10.666055
-253.730097,52,10.711918
-251.190933,52,10.720345
-515.307985,52,10.728644
-251.159374,52,10.73696
-255.979461,52,10.745242
-274.470273,52,10.791439
-362.72535,52,10.799738
-232.104712,52,10.808186
-406.104337,52,10.816464
-271.715894,52,10.824751
-365.12909,52,10.870795
-273.767179,52,10.879082
-266.833546,52,10.887426
-290.321496,52,10.89567
-388.117946,52,10.903921
-278.015476,52,10.950305
-277.116184,52,10.958789
-274.584892,52,10.966995
-276.588843,52,10.975351
-277.077677,52,10.983568
-286.289629,52,11.029534
-266.711099,52,11.03794
-276.250867,52,11.046271
-273.341662,52,11.054551
-279.873354,52,11.062761
-267.82428,52,11.10886
-257.683775,52,11.11708
-275.212184,52,11.125458
-285.632744,52,11.133655
-280.804022,52,11.142012
-310.3912,52,11.191945
-634.774379,52,11.200904
-246.24989,52,11.210297
-273.290575,52,11.219156
-255.400899,52,11.227916
-276.318375,52,11.287116
-255.429258,52,11.296228
-261.62972,52,11.305319
-251.739326,52,11.314054
-333.487482,52,11.322744
-266.065615,52,11.381482
-306.454583,52,11.390139
-267.698922,52,11.398611
-298.198124,52,11.407255
-701.29785,52,11.415528
-268.85231,52,11.462816
-268.205219,52,11.471286
-287.686372,52,11.47958
-332.496734,52,11.487747
-300.115732,52,11.533796
-308.393383,52,11.542199
-293.328651,52,11.550424
-301.330052,52,11.55893
-275.3265,52,11.567532
-284.118196,52,11.613896
-278.691305,52,11.622225
-290.101855,52,11.630422
-267.464931,52,11.638597
-300.474948,52,11.646779
-304.173892,52,11.694581
-259.688597,52,11.702916
-290.113528,52,11.711117
-288.167484,52,11.71955
-270.988378,52,11.727797
-268.394167,52,11.774038
-625.618535,52,11.782391
-282.992429,52,11.790643
-260.085446,52,11.798803
-283.525676,52,11.807253
-263.489735,52,11.853769
-283.330641,52,11.862027
-280.480002,52,11.870269
-275.729085,52,11.878492
-278.746703,52,11.886823
-271.44132,52,11.933331
-264.829608,52,11.94162
-267.334407,52,11.949825
-269.70076,52,11.958036
-270.93222,52,11.966161
-296.719237,52,12.012518
-279.675567,52,12.021029
-262.753743,52,12.029252
-345.209877,52,12.037656
-267.69764,52,12.045889
-272.739989,52,12.091941
-285.851637,52,12.100237
-276.384004,52,12.108666
-267.049185,52,12.116948
-281.729571,52,12.125219
-253.275456,52,12.171475
-261.143242,52,12.179898
-261.794831,52,12.188345
-287.67879,52,12.196605
-300.61007,52,12.205082
-304.779424,52,12.251898
-279.814958,52,12.260297
-446.811422,52,12.268689
-264.245954,52,12.277028
-288.138305,52,12.285316
-320.602247,52,12.331514
-280.835773,52,12.34001
-306.116219,52,12.348237
-269.988642,52,12.356651
-281.588032,52,12.364863
-259.696202,52,12.411326
-258.827321,52,12.419738
-269.315845,52,12.428005
-437.475211,52,12.436264
-266.099948,52,12.444483
-269.124782,52,12.490626
-317.684277,52,12.498929
-287.277199,52,12.507269
-285.410686,52,12.515492
-515.587835,52,12.561749
-295.407233,52,12.570255
-293.920603,52,12.578491
-269.142729,52,12.586895
-282.288419,52,12.595149
-298.722037,52,12.641459
-310.624328,52,12.649859
-309.878316,52,12.658315
-278.510809,52,12.666585
-280.997369,52,12.674866
-282.128937,52,12.721064
-310.482015,52,12.729397
-596.972587,52,12.737804
-295.540953,52,12.746119
-305.485219,52,12.754421
-292.093552,52,12.800735
-293.595027,52,12.809242
-287.701378,52,12.817504
-300.957402,52,12.825756
-301.487576,52,12.833933
-310.868765,52,12.880024
-268.439661,52,12.888451
-283.574084,52,12.896713
-293.619176,52,12.904919
-335.000644,52,12.913134
-270.04937,52,12.959093
-279.989526,52,12.967361
-295.549762,52,12.97557
-279.859007,52,12.983754
-268.021941,52,12.99213
-281.594878,52,13.038508
-301.185948,52,13.046781
-291.010996,52,13.055102
-264.802489,52,13.063322
-261.735987,52,13.071734
-303.305165,52,13.117995
-270.004197,52,13.126343
-288.5704,52,13.134605
-285.831187,52,13.142959
-264.044896,52,13.151149
-271.170314,52,13.197619
-260.27046,52,13.206221
-297.522302,52,13.214518
-278.40915,52,13.222791
-264.335229,52,13.230984
-276.922934,52,13.277262
-460.731477,52,13.285631
-276.142259,52,13.293896
-287.025998,52,13.302126
-252.280049,52,13.31026
-267.307424,52,13.356688
-251.274621,52,13.364957
-238.584886,52,13.373348
-647.480654,52,13.38153
-291.629648,52,13.389919
-284.982768,52,13.436141
-283.695767,52,13.444333
-271.242661,52,13.452666
-271.081141,52,13.461252
-270.056448,52,13.469469
-231.573341,52,13.515668
-256.633418,52,13.524066
-530.075153,52,13.532291
-272.437119,52,13.540649
-435.166154,52,13.586978
-681.671016,52,13.595325
-279.739371,52,13.603684
-243.837741,52,13.611932
-267.610031,52,13.620157
-269.79137,52,13.66577
-267.229263,52,13.674261
-232.447189,52,13.682554
-253.944752,52,13.690875
-256.598435,52,13.699085
-345.787,52,13.745408
-267.839455,52,13.753711
-245.568828,52,13.761886
-274.684379,52,13.77022
-318.829844,52,13.778452
-310.192765,52,13.824885
-354.918859,52,13.833159
-254.245523,52,13.84152
-290.661172,52,13.849753
-314.60794,52,13.857956
-375.475728,52,13.904073
-259.324779,52,13.912407
-270.210346,52,13.920715
-264.726706,52,13.928944
-263.438476,52,13.937318
-267.323881,52,13.983607
-280.458235,52,13.992057
-268.252197,52,14.000282
-273.722636,52,14.008465
-283.560198,52,14.016649
-284.181086,52,14.062859
-250.443637,52,14.07126
-281.081975,52,14.079525
-291.019037,52,14.087805
-279.633392,52,14.09597
-373.658418,52,14.142151
-256.978708,52,14.150392
-374.87434,52,14.158749
-285.983188,52,14.166925
-246.880855,52,14.17517
-279.247991,52,14.221425
-276.720283,52,14.229683
-473.530593,52,14.237989
-284.912122,52,14.246191
-264.690398,52,14.254412
-276.001657,52,14.300274
-287.442224,52,14.308519
-267.233536,52,14.316674
-279.135312,52,14.325055
-275.624863,52,14.333263
-290.978913,52,14.379743
-276.803908,52,14.388186
-277.573095,52,14.396401
-289.524237,52,14.404657
-265.830392,52,14.41291
-272.385383,52,14.45961
-272.820701,52,14.468095
-435.412187,52,14.476412
-271.832691,52,14.484616
-366.748573,52,14.492804
-274.983112,52,14.5389
-290.955383,52,14.547161
-282.696743,52,14.555426
-278.143724,52,14.563577
-292.592122,52,14.609449
-274.600429,52,14.617737
-448.997836,52,14.626098
-297.991429,52,14.634326
-516.094395,52,14.64257
-289.145183,52,14.688876
-279.668257,52,14.697141
-292.756712,52,14.705511
-304.054371,52,14.713738
-261.14188,52,14.722122
-444.948684,52,14.768751
-286.485932,52,14.777038
-261.965043,52,14.785244
-291.417075,52,14.79346
-285.729376,52,14.801665
-265.487127,52,14.847927
-276.781468,52,14.856339
-273.067666,52,14.864522
-266.186668,52,14.872832
-291.323451,52,14.881062
-260.262685,52,14.927373
-267.097128,52,14.935777
-275.188134,52,14.944002
-279.42384,52,14.952276
-282.589539,52,14.960465
-284.537118,52,15.006501
-251.589006,52,15.014718
-277.90651,52,15.02303
-272.572657,52,15.031247
-259.990462,52,15.039601
-290.469069,52,15.08586
-404.591548,52,15.094147
-295.47529,52,15.102385
-300.842561,52,15.110547
-277.16338,52,15.118743
-284.850085,52,15.165192
-231.360577,52,15.173763
-263.412056,52,15.182049
-260.420518,52,15.190377
-264.040747,52,15.198596
-476.905557,52,15.244811
-347.14734,52,15.253173
-348.223448,52,15.261449
-279.909891,52,15.269639
-289.622553,52,15.27778
-245.935192,52,15.3246
-287.686374,52,15.332814
-277.740157,52,15.34122
-242.712815,52,15.349379
-281.411772,52,15.357585
-361.647528,52,15.406511
-281.271517,52,15.415009
-367.858393,52,15.423545
-360.802882,52,15.431792
-386.367773,52,15.440033
-262.047391,52,15.487038
-263.860149,52,15.495306
-283.700589,52,15.50371
-283.296234,52,15.511958
-301.710805,52,15.520224
-263.526961,52,15.566566
-302.978757,52,15.57502
-278.798856,52,15.58326
-262.282573,52,15.591539
-278.866385,52,15.637314
-295.212258,52,15.645619
-278.955634,52,15.65401
-271.823616,52,15.662214
-273.243502,52,15.67051
-276.257404,52,15.716799
-453.269711,52,15.725204
-278.53044,52,15.733363
-272.982119,52,15.74161
-274.62963,52,15.74973
-602.185039,52,15.795974
-287.606782,52,15.804443
-273.344373,52,15.812699
-257.917443,52,15.821136
-279.276718,52,15.829339
-257.234852,52,15.875533
-289.92317,52,15.88387
-265.351793,52,15.892108
-309.834407,52,15.900305
-254.328093,52,15.908667
-288.97005,52,15.955263
-261.738035,52,15.963508
-258.423045,52,15.971868
-514.909008,52,15.980094
-283.899055,52,15.988489
-263.499121,52,16.034852
-301.136947,52,16.043199
-279.067038,52,16.051419
-301.816095,52,16.059588
-290.573321,52,16.067757
-281.371093,52,16.113673
-277.69661,52,16.122106
-284.728894,52,16.130321
-293.653391,52,16.138563
-278.535674,52,16.146712
-471.817527,52,16.193054
-272.981818,52,16.201388
-249.431285,52,16.209717
-276.682373,52,16.217964
-337.818877,52,16.226134
-282.367305,52,16.272273
-282.254553,52,16.280473
-249.668557,52,16.288652
-356.259217,52,16.296769
-267.066949,52,16.305139
-291.640447,52,16.351416
-281.742895,52,16.359663
-276.552246,52,16.367904
-280.983409,52,16.376211
-280.050217,52,16.384412
-255.910115,52,16.430801
-277.756692,52,16.439108
-277.565253,52,16.447271
-275.737263,52,16.455587
-306.325939,52,16.463796
-493.646864,52,16.510044
-359.458038,52,16.518412
-252.07861,52,16.526666
-268.337302,52,16.534884
-249.839049,52,16.543023
-272.174419,52,16.589197
-270.921514,52,16.597491
-269.463861,52,16.605714
-272.248431,52,16.613862
-270.778716,52,16.659816
-280.085401,52,16.668122
-270.996918,52,16.6763
-251.182499,52,16.684524
-255.975139,52,16.692868
-255.223576,52,16.739145
-309.274376,52,16.747445
-277.61441,52,16.755761
-498.174665,52,16.763968
-251.996948,52,16.772246
-274.039941,52,16.818189
-258.688702,52,16.826465
-277.508657,52,16.834734
-276.625079,52,16.843116
-284.287098,52,16.851418
-278.35523,52,16.897599
-284.22978,52,16.906087
-302.400501,52,16.914292
-266.759093,52,16.922581
-284.308611,52,16.930803
-262.781623,52,16.977311
-302.22309,52,16.985735
-273.881995,52,16.993913
-354.783901,52,17.002216
-283.558123,52,17.010446
-286.621445,52,17.056461
-274.800045,52,17.06471
-273.816642,52,17.073084
-271.223302,52,17.081312
-264.507606,52,17.089667
-291.059618,52,17.136032
-395.873307,52,17.144293
-262.292543,52,17.15258
-284.218706,52,17.160846
-274.755101,52,17.169112
-293.478751,52,17.215126
-285.179808,52,17.223592
-284.264838,52,17.232065
-309.487207,52,17.240389
-288.024585,52,17.248554
-297.882811,52,17.294707
-273.011987,52,17.303113
-261.153313,52,17.311318
-290.771253,52,17.319579
-267.747509,52,17.327867
-266.18772,52,17.374056
-271.12661,52,17.382352
-287.99709,52,17.390783
-255.405451,52,17.399034
-311.064152,52,17.407417
-250.26984,52,17.453657
-286.053594,52,17.461924
-293.53407,52,17.470178
-280.008528,52,17.478426
-261.753414,52,17.486799
-268.158534,52,17.532954
-279.850961,52,17.541387
-754.966275,52,17.549612
-265.155849,52,17.557815
-258.599649,52,17.566013
-432.459187,52,17.611908
-280.243628,52,17.620306
-277.965528,52,17.628581
-312.589551,52,17.636817
-286.875791,52,17.682498
-268.830664,52,17.691027
-275.654704,52,17.699233
-406.203079,52,17.707623
-271.10496,52,17.715809
-302.82738,52,17.762001
-265.789768,52,17.770447
-278.6767,52,17.778704
-280.828891,52,17.786914
-549.53167,52,17.795115
-276.871426,52,17.841226
-269.753303,52,17.849541
-270.42534,52,17.85799
-315.97266,52,17.866265
-275.864452,52,17.874665
-270.949148,52,17.920802
-259.296993,52,17.929107
-294.23925,52,17.937492
-258.75088,52,17.945694
-280.365347,52,17.954045
-267.94462,52,18.000356
-263.978025,52,18.008807
-332.114164,52,18.017011
-276.72499,52,18.025401
-276.936795,52,18.033607
-314.941226,52,18.079552
-285.958652,52,18.08796
-261.341719,52,18.096179
-288.165568,52,18.104397
-272.396109,52,18.11262
-296.333585,52,18.158532
-241.141567,52,18.166802
-274.533879,52,18.175208
-278.121091,52,18.183393
-334.232169,52,18.191612
-277.85256,52,18.237691
-268.678713,52,18.245935
-282.527707,52,18.254262
-274.139002,52,18.26252
-277.751322,52,18.270797
-347.500919,52,18.31697
-280.479016,52,18.325279
-281.990457,52,18.333633
-269.252881,52,18.342049
-269.155178,52,18.35026
-246.859259,52,18.396443
-257.950039,52,18.404922
-270.158535,52,18.413162
-269.151126,52,18.421436
-272.068483,52,18.429656
-270.834428,52,18.475738
-264.14692,52,18.484221
-280.024535,52,18.492405
-299.231086,52,18.500529
-279.75271,52,18.508923
-280.669498,52,18.555032
-428.72034,52,18.563256
-306.364912,52,18.571434
-247.141381,52,18.579544
-263.357593,52,18.587679
-260.108074,52,18.633965
-278.322401,52,18.642163
-264.178893,52,18.650315
-274.834863,52,18.658773
-270.185068,52,18.705206
-312.862765,52,18.713527
-259.356516,52,18.721885
-303.313646,52,18.730172
-289.444216,52,18.738375
-259.380913,52,18.784101
-241.126591,52,18.792514
-265.578392,52,18.800672
-629.30812,52,18.80897
-284.657124,52,18.817155
-263.655989,52,18.863326
-294.271967,52,18.871595
-291.713052,52,18.879754
-342.46709,52,18.887938
-286.875564,52,18.896068
-262.916147,52,18.942199
-258.887984,52,18.950483
-265.911039,52,18.958933
-331.257652,52,18.967196
-269.900145,52,18.975525
-268.886136,52,19.021591
-386.996469,52,19.029894
-244.146467,52,19.038117
-226.296719,52,19.046334
-253.302853,52,19.054737
-250.500813,52,19.100915
-304.02837,52,19.109325
-265.865523,52,19.117488
-279.499827,52,19.125655
-280.772021,52,19.133786
-255.743841,52,19.180202
-230.084953,52,19.188611
-253.630336,52,19.196764
-371.207947,52,19.205147
-244.895012,52,19.213335
-256.044404,52,19.259291
-300.725422,52,19.267536
-297.928867,52,19.275891
-513.880686,52,19.284055
-251.593357,52,19.292361
-265.01076,52,19.33859
-268.496744,52,19.346839
-240.740797,52,19.355112
-275.312361,52,19.363288
-255.991492,52,19.371497
-267.189854,52,19.417747
-340.287538,52,19.426169
-259.214639,52,19.434404
-239.752973,52,19.442639
-240.824684,52,19.450758
-253.946167,52,19.497496
-265.965405,52,19.505937
-284.243925,52,19.514176
-234.332133,52,19.522411
-260.202954,52,19.530579
-258.236932,52,19.576631
-222.631055,52,19.584971
-242.727327,52,19.593261
-253.432347,52,19.601489
-564.01295,52,19.609683
-491.554912,52,19.656108
-524.490688,52,19.664398
-455.734444,52,19.672877
-274.336353,52,19.681127
-251.742262,52,19.72731
-244.995225,52,19.735626
-258.053317,52,19.743777
-255.191306,52,19.751928
-250.553956,52,19.760094
-259.626006,52,19.806008
-286.378828,52,19.814354
-254.678264,52,19.82272
-297.233057,52,19.830978
-328.836409,52,19.839385
-268.837638,52,19.885845
-267.362369,52,19.894177
-275.158251,52,19.902543
-246.836795,52,19.910787
-270.727474,52,19.919096
-240.562049,52,19.965272
-547.330129,52,19.973764
-289.043211,52,19.981997
-264.398617,52,19.990275
-284.897091,52,19.998483
-246.638311,52,20.044458
-288.062779,52,20.052868
-272.308633,52,20.06112
-292.613197,52,20.069357
-245.080787,52,20.077532
-264.475968,52,20.123842
-497.095111,52,20.132134
-317.209197,52,20.140503
-372.733142,52,20.148695
-240.831414,52,20.157094
-286.733825,52,20.203621
-258.883283,52,20.211946
-252.650955,52,20.220246
-276.631811,52,20.228497
-275.139282,52,20.236707
-255.59188,52,20.282801
-255.947565,52,20.291242
-358.602307,52,20.299466
-292.474962,52,20.307875
-255.408695,52,20.316114
-339.863105,52,20.362197
-261.340461,52,20.37067
-285.860501,52,20.378992
-264.073665,52,20.387663
-379.462541,52,20.396121
-262.964649,52,20.445615
-252.218713,52,20.454048
-271.478155,52,20.462297
-251.367428,52,20.47071
-241.331256,52,20.478927
-225.301606,52,20.525629
-231.470544,52,20.53387
-279.256119,52,20.542083
-829.287365,52,20.550302
-255.743647,52,20.558465
-276.275226,52,20.604546
-281.770778,52,20.612843
-281.49861,52,20.621273
-277.588248,52,20.629561
-245.19472,52,20.637855
-285.882567,52,20.684144
-266.755727,52,20.692548
-269.690832,52,20.700768
-245.196058,52,20.709189
-240.663004,52,20.755614
-278.154974,52,20.763964
-410.822177,52,20.772367
-240.666695,52,20.780598
-533.003178,52,20.788804
-303.221335,52,20.835101
-237.673355,52,20.843423
-251.371044,52,20.851698
-273.524574,52,20.859992
-270.286889,52,20.868262
-233.249334,52,20.914165
-607.272749,52,20.922667
-263.272348,52,20.930923
-323.660994,52,20.939293
-346.004454,52,20.947488
-356.155232,52,20.993429
-342.55333,52,21.001819
-257.79385,52,21.010077
-462.601871,52,21.018413
-394.956223,52,21.026716
-394.91299,52,21.073307
-246.719839,52,21.081602
-257.545994,52,21.090024
-267.744883,52,21.098225
-255.946892,52,21.106459
-266.662377,52,21.152877
-272.006378,52,21.161241
-321.0805,52,21.169594
-235.142026,52,21.17785
-253.077953,52,21.186061
-273.051611,52,21.232261
-260.39077,52,21.240605
-231.833787,52,21.248907
-327.015681,52,21.257397
-258.195259,52,21.26561
-254.742121,52,21.311723
-283.842175,52,21.320119
-272.465553,52,21.328454
-274.098286,52,21.336854
-278.581744,52,21.345119
-252.99932,52,21.392804
-270.262575,52,21.401881
-436.167179,52,21.410964
-262.409878,52,21.419845
-266.067886,52,21.428548
-255.162946,52,21.486698
-538.93199,52,21.495903
-238.098473,52,21.504966
-262.14503,52,21.513724
-259.828971,52,21.523082
-253.501915,52,21.579667
-272.645791,52,21.589146
-285.865913,52,21.597628
-267.531569,52,21.606351
-277.764256,52,21.614746
-672.477962,52,21.661838
-249.290288,52,21.670259
-245.173017,52,21.678521
-242.357538,52,21.686796
-260.800054,52,21.694998
-302.166921,52,21.741769
-255.579363,52,21.750047
-274.385057,52,21.758387
-231.49788,52,21.766584
-329.484574,52,21.813268
-265.573822,52,21.821786
-250.438288,52,21.830044
-239.270341,52,21.83839
-272.852224,52,21.846639
-328.338352,52,21.893058
-253.742935,52,21.901451
-253.449545,52,21.909723
-251.375568,52,21.917987
-258.584771,52,21.92618
-255.619398,52,21.972412
-525.402342,52,21.980739
-346.273472,52,21.989182
-272.659709,52,21.997473
-224.21201,52,22.005695
-230.075064,52,22.051457
-333.642285,52,22.059794
-237.050149,52,22.068008
-267.532305,52,22.076232
-232.480901,52,22.084465
-613.352953,52,22.130587
-259.065802,52,22.139052
-247.162468,52,22.147274
-210.749504,52,22.155512
-376.649348,52,22.163655
-249.861819,52,22.210298
-259.394366,52,22.218769
-259.09554,52,22.227034
-285.027464,52,22.235324
-275.476759,52,22.243576
-241.9148,52,22.289997
-254.947724,52,22.298256
-266.901128,52,22.306705
-264.602096,52,22.314963
-670.229909,52,22.323383
-290.474438,52,22.37
-407.928024,52,22.378268
-522.394662,52,22.386664
-253.146331,52,22.394895
-250.194754,52,22.403145
-265.48997,52,22.44924
-262.279959,52,22.45773
-271.016549,52,22.465923
-281.306117,52,22.474081
-267.200701,52,22.482212
-268.330347,52,22.528514
-275.167155,52,22.536794
-327.072209,52,22.54501
-258.923009,52,22.5532
-284.495861,52,22.561345
-282.690511,52,22.607331
-248.517539,52,22.615555
-258.651855,52,22.623841
-285.936493,52,22.632034
-253.235513,52,22.640295
-249.188037,52,22.686794
-260.999946,52,22.695071
-265.613964,52,22.703344
-238.943726,52,22.7115
-258.077463,52,22.719724
-324.639585,52,22.76591
-278.806207,52,22.77433
-255.450196,52,22.78258
-471.332432,52,22.790987
-267.496946,52,22.837215
-263.397602,52,22.845553
-266.765842,52,22.853923
-250.364505,52,22.862157
-264.508301,52,22.870412
-258.66676,52,22.916404
-244.728644,52,22.924858
-269.481454,52,22.933065
-257.293914,52,22.941331
-253.158336,52,22.94949
-258.607065,52,22.995276
-258.611647,52,23.003663
-270.806398,52,23.011907
-247.992342,52,23.020157
-245.950353,52,23.02835
-244.871144,52,23.074588
-499.094728,52,23.08286
-336.844818,52,23.091169
-235.125148,52,23.099633
-305.298706,52,23.10796
-599.428289,52,23.154317
-253.483254,52,23.162648
-229.437015,52,23.171012
-586.115599,52,23.179286
-300.171922,52,23.187663
-417.195106,52,23.234035
-333.385527,52,23.24247
-238.746542,52,23.250726
-287.28001,52,23.258952
-274.906025,52,23.267124
-272.30522,52,23.313089
-252.983909,52,23.321567
-263.770449,52,23.329809
-278.591727,52,23.338213
-321.032122,52,23.346496
-261.362711,52,23.392694
-271.023669,52,23.400901
-280.103105,52,23.409262
-254.313116,52,23.417425
-261.154104,52,23.425819
-247.124313,52,23.472425
-355.614624,52,23.480615
-255.284015,52,23.4889
-234.815076,52,23.497306
-261.876828,52,23.505602
-250.766929,52,23.551622
-254.376532,52,23.55995
-262.792717,52,23.568248
-240.024782,52,23.576471
-243.768869,52,23.584732
-277.15412,52,23.630882
-270.211587,52,23.63933
-276.479612,52,23.647608
-258.502278,52,23.656106
-277.142079,52,23.664338
-236.252463,52,23.710542
-249.909946,52,23.7189
-410.267828,52,23.72715
-327.124294,52,23.735371
-231.852811,52,23.743582
-265.499578,52,23.791746
-212.48963,52,23.800617
-243.421969,52,23.808918
-253.125587,52,23.817055
-313.295898,52,23.868841
-232.197454,52,23.877444
-236.48893,52,23.885771
-266.946564,52,23.894022
-255.849448,52,23.902158
-322.973546,52,23.94926
-252.625234,52,23.957739
-333.842415,52,23.965977
-245.56287,52,23.974233
-269.290167,52,23.982385
-259.389213,52,24.029299
-264.020475,52,24.037752
-249.486756,52,24.04596
-348.001336,52,24.054217
-304.422518,52,24.062396
-261.836393,52,24.108628
-271.424442,52,24.116939
-250.690919,52,24.12533
-285.536169,52,24.133558
-254.001514,52,24.141957
-525.440305,52,24.188372
-258.475089,52,24.196676
-318.330089,52,24.205073
-351.459776,52,24.213366
-251.985775,52,24.221743
-300.710783,52,24.268675
-232.437865,52,24.27692
-253.36135,52,24.285213
-328.168511,52,24.293491
-265.794002,52,24.30172
-255.684987,52,24.348239
-255.091164,52,24.35666
-248.215099,52,24.364882
-224.290679,52,24.373305
-251.036441,52,24.3815
-276.063499,52,24.427979
-288.553013,52,24.436368
-257.051739,52,24.444622
-395.888366,52,24.452897
-436.98344,52,24.461064
-265.586573,52,24.507363
-261.062941,52,24.515599
-304.570473,52,24.524
-226.350694,52,24.532219
-256.806566,52,24.540438
-266.783636,52,24.586883
-300.479098,52,24.595125
-245.942092,52,24.60353
-262.864439,52,24.611758
-271.037239,52,24.620002
-248.723375,52,24.666528
-247.793928,52,24.67496
-248.218214,52,24.683168
-275.992678,52,24.691396
-259.827186,52,24.699557
-256.368319,52,24.745692
-307.854364,52,24.75414
-540.734176,52,24.762337
-241.115375,52,24.77063
-238.922873,52,24.778825
-265.468312,52,24.825539
-259.773725,52,24.833799
-255.692642,52,24.842113
-266.33825,52,24.850294
-330.844351,52,24.896482
-246.806555,52,24.905018
-322.889168,52,24.91328
-266.629748,52,24.921634
-249.742622,52,24.929857
-266.988011,52,24.976023
-248.16819,52,24.984371
-252.15134,52,24.992673
-238.207241,52,25.00088
-227.660432,52,25.00908
-520.153776,52,25.05556
-266.536679,52,25.063861
-248.726331,52,25.072227
-255.372611,52,25.080441
-251.391759,52,25.08863
-238.102977,52,25.13484
-258.795953,52,25.143177
-245.944368,52,25.151379
-279.237663,52,25.159648
-427.22807,52,25.167902
-239.862245,52,25.21425
-242.607835,52,25.222532
-255.074847,52,25.230737
-754.603042,52,25.239131
-331.928441,52,25.247367
-259.471181,52,25.293345
-340.715967,52,25.301719
-219.506168,52,25.309923
-448.295911,52,25.318233
-240.580392,52,25.326557
-254.236245,52,25.373083
-246.690278,52,25.381372
-470.491702,52,25.39012
-259.354001,52,25.398592
-259.048307,52,25.407309
-283.335738,52,25.455586
-272.18262,52,25.463866
-266.964931,52,25.472026
-243.801222,52,25.480204
-276.507455,52,25.488336
-295.47465,52,25.534723
-282.811531,52,25.543085
-274.49822,52,25.551463
-264.163558,52,25.559754
-248.052988,52,25.567951
-256.865507,52,25.614102
-247.484295,52,25.622514
-240.869746,52,25.630755
-282.804365,52,25.639
-239.179416,52,25.647201
-269.738375,52,25.693629
-240.135459,52,25.702019
-342.597487,52,25.710311
-242.451333,52,25.718558
-273.943784,52,25.726714
-318.894975,52,25.772907
-275.41727,52,25.781213
-273.30968,52,25.789663
-259.549306,52,25.797946
-251.214442,52,25.806189
-242.817919,52,25.852937
-269.182119,52,25.861215
-246.857393,52,25.869688
-264.68713,52,25.877944
-264.655526,52,25.924175
-400.60692,52,25.93255
-262.185371,52,25.940988
-254.143036,52,25.949292
-248.497364,52,25.957544
-275.046832,52,26.00473
-227.564135,52,26.012964
-264.029311,52,26.021146
-272.967309,52,26.029579
-257.735362,52,26.038027
-240.728877,52,26.084588
-237.493269,52,26.092931
-272.202587,52,26.101196
-285.260125,52,26.109514
-254.0032,52,26.117731
-272.480616,52,26.163585
-246.308559,52,26.171858
-353.331292,52,26.180021
-259.209856,52,26.188139
-334.952911,52,26.196281
-417.645091,52,26.242394
-356.886552,52,26.250703
-244.416313,52,26.259095
-283.15585,52,26.267326
-267.543266,52,26.275557
-301.834307,52,26.321545
-269.31411,52,26.329796
-257.738254,52,26.338173
-260.02043,52,26.346399
-502.860955,52,26.35483
-264.912252,52,26.400929
-248.815271,52,26.409311
-248.711716,52,26.417483
-387.864075,52,26.425948
-252.131508,52,26.434161
-265.057146,52,26.48022
-254.40209,52,26.488685
-250.73911,52,26.496887
-245.201496,52,26.505271
-309.341747,52,26.513631
-267.706666,52,26.559792
-250.576439,52,26.568151
-244.874333,52,26.576363
-233.503764,52,26.584546
-341.829543,52,26.592729
-244.811572,52,26.639092
-265.619698,52,26.647298
-258.814671,52,26.655733
-269.104781,52,26.663985
-255.783824,52,26.672244
-257.055374,52,26.718252
-527.458985,52,26.726524
-232.775867,52,26.73469
-236.221165,52,26.742796
-270.862981,52,26.751051
-229.174394,52,26.797055
-264.55464,52,26.805445
-266.534728,52,26.813602
-302.273101,52,26.821972
-289.902497,52,26.830166
-590.0249,52,26.876299
-246.65501,52,26.884647
-257.350328,52,26.892959
-346.433715,52,26.901219
-243.169825,52,26.947546
-326.9603,52,26.95604
-300.815286,52,26.964266
-254.389537,52,26.972655
-253.340044,52,26.980925
-335.426201,52,27.027279
-225.80554,52,27.03569
-234.709032,52,27.043893
-255.049728,52,27.05223
-279.587619,52,27.060418
-258.937468,52,27.10654
-299.131247,52,27.114848
-248.082368,52,27.123214
-375.28985,52,27.131439
-254.257417,52,27.139696
-251.019351,52,27.186022
-266.294257,52,27.194269
-252.263023,52,27.202503
-251.337574,52,27.210731
-251.609146,52,27.219079
-336.682418,52,27.265206
-257.209971,52,27.27362
-277.301818,52,27.281803
-299.941617,52,27.290174
-258.517917,52,27.298365
-253.515955,52,27.344536
-240.165755,52,27.352952
-226.288271,52,27.361153
-258.235141,52,27.369434
-226.236636,52,27.377646
-254.952512,52,27.423964
-230.418503,52,27.432206
-364.197593,52,27.440387
-251.02147,52,27.448532
-272.31145,52,27.456881
-306.659592,52,27.503014
-268.378666,52,27.511344
-426.354903,52,27.519744
-234.470211,52,27.527925
-347.374691,52,27.536059
-317.135271,52,27.58191
-243.24479,52,27.590326
-265.147378,52,27.598557
-255.074786,52,27.606743
-248.064243,52,27.614885
-514.007649,52,27.660909
-301.791454,52,27.669291
-453.197979,52,27.677548
-261.106383,52,27.685839
-260.467616,52,27.694095
-255.217116,52,27.740465
-260.42308,52,27.748723
-224.364522,52,27.757021
-281.272787,52,27.765218
-253.185697,52,27.77339
-245.237287,52,27.819753
-232.138675,52,27.827952
-250.637529,52,27.836302
-252.509342,52,27.844465
-238.835814,52,27.852642
-248.797709,52,27.898681
-244.739935,52,27.906881
-241.554669,52,27.915012
-253.87193,52,27.923107
-307.836746,52,27.969287
-286.095541,52,27.977559
-334.456045,52,27.985746
-270.674986,52,27.993843
-326.856308,52,28.002155
-234.106535,52,28.048313
-343.218886,52,28.056764
-253.5597,52,28.06493
-262.519074,52,28.073062
-314.202055,52,28.081186
-250.375312,52,28.127148
-346.897062,52,28.135403
-246.595368,52,28.143533
-265.478976,52,28.151631
-240.522375,52,28.159751
-259.081775,52,28.205787
-258.145667,52,28.214045
-246.558655,52,28.222214
-220.806891,52,28.230375
-240.763139,52,28.23855
-239.469802,52,28.284706
-250.747195,52,28.293055
-544.416322,52,28.301329
-542.158294,52,28.309534
-244.285836,52,28.317748
-582.251026,52,28.363905
-266.79311,52,28.372367
-352.119266,52,28.380639
-235.862483,52,28.388878
-649.345437,52,28.397077
-234.202734,52,28.443513
-241.500541,52,28.45196
-292.181144,52,28.460189
-241.238739,52,28.468503
-233.503415,52,28.47675
-257.548319,52,28.523545
-307.42656,52,28.531824
-238.134886,52,28.540254
-250.123096,52,28.548437
-257.14968,52,28.55687
-264.413754,52,28.603407
-341.618631,52,28.611688
-252.138877,52,28.620051
-255.070121,52,28.628295
-290.342784,52,28.636647
-251.872158,52,28.682826
-288.942945,52,28.691279
-273.972739,52,28.699482
-253.3117,52,28.707768
-256.1114,52,28.71591
-358.13037,52,28.761943
-351.888909,52,28.770405
-427.953403,52,28.778616
-265.037322,52,28.786911
-239.682292,52,28.795105
-356.456034,52,28.841512
-250.369562,52,28.849774
-344.288637,52,28.858083
-277.904652,52,28.866281
-267.190413,52,28.874656
-269.209955,52,28.920786
-246.670238,52,28.928997
-262.109915,52,28.93721
-275.349795,52,28.945352
-273.334617,52,28.991386
-245.597757,52,28.999749
-253.941356,52,29.008175
-285.210142,52,29.0164
-253.308349,52,29.024661
-367.669904,52,29.070809
-282.076378,52,29.079104
-261.340983,52,29.087459
-276.260927,52,29.095689
-271.248257,52,29.103933
-262.357427,52,29.150171
-261.813954,52,29.158615
-440.471177,52,29.166813
-356.08699,52,29.175081
-263.146087,52,29.183224
-252.818087,52,29.229367
-244.404253,52,29.237836
-266.88017,52,29.246042
-277.071829,52,29.254463
-264.868105,52,29.262743
-256.262115,52,29.309027
-267.283347,52,29.317318
-262.77992,52,29.32569
-245.762442,52,29.333918
-242.527348,52,29.342304
-276.753044,52,29.388903
-394.640749,52,29.39712
-275.277219,52,29.405273
-254.20965,52,29.413414
-273.445141,52,29.421775
-253.694528,52,29.467837
-270.350882,52,29.47617
-273.938636,52,29.484555
-255.819214,52,29.492883
-287.93579,52,29.501114
-248.37966,52,29.547802
-269.260946,52,29.556303
-262.356384,52,29.564513
-265.445402,52,29.572919
-238.967655,52,29.581134
-280.39932,52,29.627281
-243.091585,52,29.635762
-244.857549,52,29.644071
-334.417668,52,29.652402
-261.690949,52,29.660623
-250.822745,52,29.706711
-242.279762,52,29.715036
-252.99969,52,29.723458
-240.248033,52,29.73162
-239.554792,52,29.739752
-224.008131,52,29.78597
-237.184639,52,29.794182
-330.996985,52,29.802565
-317.112425,52,29.810779
-303.680694,52,29.819082
-253.651385,52,29.865319
-261.9732,52,29.87374
-330.180449,52,29.882023
-237.846018,52,29.890424
-249.222675,52,29.898654
-263.99593,52,29.944674
-270.808557,52,29.952885
-249.754957,52,29.961053
-337.332426,52,29.969412
-243.795395,52,30.01544
-234.572783,52,30.023872
-289.507566,52,30.03204
-238.596933,52,30.040295
-403.633726,52,30.04848
-255.079427,52,30.095052
-266.120924,52,30.103524
-264.638093,52,30.111731
-268.339283,52,30.11995
-247.144491,52,30.128153
-241.050712,52,30.174677
-237.475376,52,30.182943
-231.353829,52,30.191105
-240.222405,52,30.199241
-231.994166,52,30.207604
-376.555255,52,30.253762
-233.683814,52,30.261988
-246.64203,52,30.270334
-253.145383,52,30.278682
-226.501388,52,30.28695
-240.926066,52,30.333087
-220.14993,52,30.34141
-252.617907,52,30.349566
-222.530987,52,30.357901
-248.120307,52,30.36604
-440.606111,52,30.416428
-350.00681,52,30.425179
-246.309698,52,30.433405
-238.870605,52,30.441613
-359.818702,52,30.449779
-211.681907,52,30.496294
-254.330119,52,30.504762
-356.199655,52,30.513003
-240.701345,52,30.521374
-219.608188,52,30.52993
-423.557137,52,30.576633
-235.833556,52,30.585042
-319.482007,52,30.593367
-231.665009,52,30.601692
-257.867052,52,30.609998
-241.951696,52,30.656249
-476.202468,52,30.66455
-242.090662,52,30.67286
-250.974091,52,30.681091
-238.943892,52,30.689372
-243.982403,52,30.73556
-238.156284,52,30.743899
-297.786352,52,30.752161
-237.90601,52,30.760307
-253.039199,52,30.768464
-262.963272,52,30.814617
-240.459929,52,30.823075
-251.282531,52,30.831311
-258.488675,52,30.839511
-277.63114,52,30.84764
-236.125484,52,30.893546
-234.966934,52,30.901783
-244.456448,52,30.909924
-259.221208,52,30.918095
-234.824628,52,30.926201
-235.000232,52,30.972506
-254.164252,52,30.980699
-370.56293,52,30.989163
-220.562925,52,30.997405
