rollout/ep_len_mean,rollout/ep_rew_mean,time/iterations,time/time_elapsed,time/total_timesteps,time/fps,train/learning_rate,train/value_loss,train/clip_range,train/approx_kl,train/entropy_loss,train/explained_variance,train/loss,train/clip_fraction,train/n_updates,train/policy_gradient_loss
52.0,-300.0572775,1,0,256,5846,,,,,,,,,,
52.0,-296.09171877777777,2,0,512,4079,0.0003,5450.1754150390625,0.2,0.005372258,-1.60768304169178,-0.0043059587478637695,2480.30029296875,0.002734375,10,-0.012096698582172393
52.0,-315.4079427857143,3,0,768,3752,0.0003,5116.694970703125,0.2,0.0021365113,-1.6000696212053298,-0.001521468162536621,2376.84521484375,0.0,20,-0.004248649952933193
52.0,-312.90318147368424,4,0,1024,3606,0.0003,10176.569128417968,0.2,0.0016016287,-1.5956734538078308,-0.0014145374298095703,3886.42724609375,0.0,30,-0.004545493796467781
52.0,-313.50112858333335,5,0,1280,3527,0.0003,5408.339929199219,0.2,0.0012954224,-1.59172582924366,-0.0014367103576660156,2643.16015625,0.0,40,-0.0026474018581211568
52.0,-326.1413507241379,6,0,1536,3440,0.0003,5660.946545410156,0.2,0.0008924941,-1.586929339170456,-0.004857063293457031,2603.10546875,0.0,50,-0.0025712543516419827
52.0,-327.8905725882353,7,0,1792,3401,0.0003,8868.97901611328,0.2,0.0001679121,-1.5832491755485534,-0.006873369216918945,4390.96826171875,0.0,60,-0.001154112908989191
52.0,-323.40322466666663,8,0,2048,3364,0.0003,7453.3021484375,0.2,0.00096815266,-1.5886230170726776,-0.00292050838470459,3374.157470703125,0.0,70,-0.003168150782585144
52.0,-326.15544456818185,9,0,2304,3345,0.0003,4685.189465332031,0.2,0.0044879112,-1.5759318143129348,-0.0016846656799316406,2302.502197265625,0.0,80,-0.009076315676793456
52.0,-322.8611485102041,10,0,2560,3334,0.0003,9646.949633789063,0.2,6.49828e-05,-1.5565195202827453,9.524822235107422e-05,4509.92919921875,0.0,90,4.189605824649334e-05
52.0,-323.7280352962963,11,0,2816,3324,0.0003,4730.73120727539,0.2,0.0009627321,-1.5610319554805756,0.00015729665756225586,2410.7158203125,0.0,100,-0.0016885078279301525
52.0,-327.0270972033898,12,0,3072,3318,0.0003,6343.705993652344,0.2,0.00043849577,-1.5660105109214784,-0.00147247314453125,2971.62158203125,0.0,110,-0.001736642885953188
52.0,-324.71504470312505,13,1,3328,3285,0.0003,7928.1224365234375,0.2,0.0027115154,-1.5635503560304642,-0.0022430419921875,4879.626953125,0.0,120,-0.00641488415421918
52.0,-322.3577363235295,14,1,3584,3242,0.0003,5128.957836914063,0.2,0.0009157525,-1.5486675888299941,-0.0006399154663085938,2647.7763671875,0.0,130,-0.0022371348342858253
52.0,-323.9319004520548,15,1,3840,3209,0.0003,5117.368139648437,0.2,0.000770563,-1.5531854659318924,-0.0008194446563720703,2222.8134765625,0.0,140,-0.0019591633696109056
52.0,-333.55209187179486,16,1,4096,3207,0.0003,14969.7658203125,0.2,0.00062598055,-1.5508221805095672,-0.0013227462768554688,7292.85302734375,0.0,150,-0.003093448525760323
52.0,-331.73267501204816,17,1,4352,3209,0.0003,14856.620629882813,0.2,0.00039240904,-1.546048676967621,-0.00036156177520751953,8209.9677734375,0.0,160,-0.0014354587765410542
52.0,-330.0116448409091,18,1,4608,3211,0.0003,5348.773364257812,0.2,0.00046174717,-1.536785724759102,-0.00020599365234375,2448.63818359375,0.0,170,-0.0011201055778656155
52.0,-327.9343123440861,19,1,4864,3212,0.0003,4829.67109375,0.2,0.0011419607,-1.5347040623426438,-0.0002562999725341797,2389.85986328125,0.0,180,-0.002275977493263781
52.0,-325.69567592857146,20,1,5120,3215,0.0003,4563.535913085938,0.2,0.0048908787,-1.5539690285921097,-0.0002613067626953125,2492.95458984375,0.0,190,-0.006181937782093883
52.0,-325.55502476,21,1,5376,3216,0.0003,4181.834564208984,0.2,0.0035132386,-1.576859700679779,-0.0004271268844604492,2062.103759765625,0.0,200,-0.005621711676940322
52.0,-337.01911863999993,22,1,5632,3218,0.0003,5214.071508789062,0.2,0.0017507058,-1.5827198892831802,-0.0006672143936157227,2737.255126953125,0.0,210,-0.0030984380515292286
52.0,-335.7370755199999,23,1,5888,3219,0.0003,21796.257275390624,0.2,0.0013250725,-1.5827463001012803,-0.0011125802993774414,24694.734375,0.0,220,-0.0041623803786933426
52.0,-335.52750142,24,1,6144,3220,0.0003,5851.034619140625,0.2,0.0005193362,-1.5801500260829926,2.759695053100586e-05,2987.1943359375,0.0,230,-0.001698927383404225
52.0,-333.9929285999999,25,1,6400,3220,0.0003,5112.295874023437,0.2,0.0027894748,-1.5830452591180801,-0.00012683868408203125,2605.808837890625,0.0,240,-0.00666828362736851
52.0,-340.13942455000006,26,2,6656,3221,0.0003,4779.489733886719,0.2,0.0024682826,-1.5870139867067337,-0.0001633167266845703,2234.638427734375,0.0,250,-0.005247529060579836
52.0,-334.65511528999997,27,2,6912,3222,0.0003,14454.446264648437,0.2,0.000449809,-1.586637130379677,-0.0010402202606201172,7628.04833984375,0.0,260,-0.0009045226965099573
52.0,-333.48065755999994,28,2,7168,3222,0.0003,5115.599792480469,0.2,0.0013106337,-1.5842047870159148,-0.00010251998901367188,2550.920654296875,0.0,270,-0.003306226967833936
52.0,-329.88491629,29,2,7424,3223,0.0003,4400.354095458984,0.2,0.003553153,-1.583105355501175,-0.00018393993377685547,2137.89892578125,0.0,280,-0.006778253812808543
52.0,-330.41574605,30,2,7680,3223,0.0003,4572.997033691407,0.2,0.000372648,-1.5826076298952103,-0.00011360645294189453,2129.97705078125,0.0,290,-0.0010980015154927968
52.0,-333.62185674,31,2,7936,3224,0.0003,4610.863256835937,0.2,0.0013833283,-1.5824684470891952,-0.00012445449829101562,2328.235107421875,0.0,300,-0.0028670365689322354
52.0,-336.20416487,32,2,8192,3225,0.0003,28815.70457763672,0.2,0.0016455946,-1.5805519729852677,-0.00021791458129882812,14236.10546875,0.0,310,-0.006731323176063597
52.0,-336.7172215,33,2,8448,3226,0.0003,4352.616186523437,0.2,0.001917237,-1.5775580674409866,-6.73532485961914e-05,1961.5460205078125,0.0,320,-0.003553528361953795
52.0,-336.04042435,34,2,8704,3226,0.0003,4294.993481445313,0.2,0.0047616665,-1.5712668180465699,-0.00032019615173339844,1926.5726318359375,0.00546875,330,-0.009607760305516421
52.0,-334.2171497000001,35,2,8960,3227,0.0003,3747.38310546875,0.2,0.003315503,-1.5486619502305985,-0.0001881122589111328,1843.76611328125,0.0,340,-0.004448281018994749
52.0,-330.55324229000007,36,2,9216,3227,0.0003,4987.472192382813,0.2,0.0021004528,-1.519503340125084,-0.00010609626770019531,2621.820068359375,0.0,350,-0.003665181016549468
52.0,-326.81238163,37,2,9472,3227,0.0003,5159.420495605469,0.2,0.002398809,-1.5048631250858306,-0.0002186298370361328,2236.30224609375,0.0,360,-0.006650364398956299
52.0,-326.12695770000005,38,3,9728,3228,0.0003,4316.561364746094,0.2,0.00262666,-1.5166074812412262,0.00014519691467285156,2300.673095703125,0.0,370,-0.004814549069851637
52.0,-326.85018819,39,3,9984,3229,0.0003,4620.468841552734,0.2,0.0008664513,-1.534510925412178,0.0001589655876159668,2294.3759765625,0.0,380,-0.0018829940003342927
52.0,-330.54579085999995,40,3,10240,3229,0.0003,5074.663238525391,0.2,0.00090749515,-1.5340070486068726,-0.0001882314682006836,2985.651611328125,0.0,390,-0.0024448315845802425
52.0,-333.86159851,41,3,10496,3230,0.0003,9022.553295898437,0.2,0.00036870362,-1.5282850325107575,-2.6464462280273438e-05,4973.30419921875,0.0,400,-0.0013691402971744537
52.0,-322.59156986,42,3,10752,3230,0.0003,11237.79744873047,0.2,0.002178441,-1.5206351578235626,-5.125999450683594e-06,4275.77734375,0.0,410,-0.004969594930298626
52.0,-324.29244502,43,3,11008,3230,0.0003,4462.721948242188,0.2,0.0028673732,-1.4972053915262222,7.665157318115234e-05,2087.9765625,0.0,420,-0.005172360781580209
52.0,-323.91402486,44,3,11264,3230,0.0003,5995.810107421875,0.2,0.0005178978,-1.4973569422960282,-1.3828277587890625e-05,3071.738037109375,0.0,430,-0.0019055038690567016
52.0,-323.50800029,45,3,11520,3231,0.0003,4214.082043457031,0.2,0.0026439503,-1.4814077466726303,-0.00011861324310302734,2154.087158203125,0.0,440,-0.0038250502198934554
52.0,-316.82613973,46,3,11776,3231,0.0003,4140.770159912109,0.2,0.0005711464,-1.4642243832349777,-5.602836608886719e-06,1826.0352783203125,0.0,450,-0.0013003271888010204
52.0,-319.63022567,47,3,12032,3232,0.0003,4102.894152832031,0.2,0.0042710267,-1.471477884054184,-2.5510787963867188e-05,2105.461669921875,0.004296875,460,-0.005895431945100426
52.0,-325.15844706999997,48,3,12288,3232,0.0003,9586.078869628906,0.2,0.0017271114,-1.4799142211675644,-1.3113021850585938e-05,5006.7041015625,0.0,470,-0.0024982547853142022
52.0,-328.18615122000006,49,3,12544,3233,0.0003,14622.58634033203,0.2,0.0019222025,-1.4856323510408402,-0.00013446807861328125,10271.2861328125,0.0,480,-0.005061040073633194
52.0,-327.73390228000005,50,3,12800,3233,0.0003,8881.548181152344,0.2,0.00038467674,-1.4943303018808365,5.9485435485839844e-05,3542.29931640625,0.0,490,-0.0018643785268068313
52.0,-323.4770145,51,4,13056,3233,0.0003,4087.9292053222657,0.2,0.010562299,-1.4889775216579437,3.153085708618164e-05,2202.487060546875,0.054296875,500,-0.01300050902646035
52.0,-317.06905166,52,4,13312,3234,0.0003,3958.8556518554688,0.2,0.003390068,-1.4806982278823853,0.00011789798736572266,2062.5380859375,0.0,510,-0.0037197710713371634
52.0,-318.64079330000004,53,4,13568,3234,0.0003,6085.97763671875,0.2,0.0023186826,-1.4923895359039308,-0.00039696693420410156,2397.30322265625,0.0,520,-0.004507004655897618
52.0,-322.00532002,54,4,13824,3235,0.0003,9636.996630859376,0.2,0.0014529596,-1.511634534597397,3.153085708618164e-05,4904.90283203125,0.0,530,-0.0026779895881190894
52.0,-323.20450106,55,4,14080,3236,0.0003,4122.163232421875,0.2,0.00090770214,-1.5147633880376816,-0.00013339519500732422,2252.343017578125,0.0,540,-0.0027033226331695916
52.0,-323.10507204,56,4,14336,3218,0.0003,8252.24169921875,0.2,0.0052068196,-1.5252287566661835,1.3709068298339844e-06,4650.6826171875,0.0,550,-0.008019043353851885
52.0,-330.02380501000005,57,4,14592,3219,0.0003,3603.183709716797,0.2,0.0013612672,-1.5264413982629776,7.867813110351562e-06,1845.867919921875,0.0,560,-0.0031156132579781117
52.0,-329.85694164,58,4,14848,3219,0.0003,24602.743298339843,0.2,0.00036499393,-1.5127502918243407,-9.775161743164062e-06,5137.30322265625,0.0,570,-0.0015653632231988012
52.0,-342.02673172000004,59,4,15104,3220,0.0003,3797.9683227539062,0.2,0.0017108808,-1.519759401679039,-7.355213165283203e-05,2013.3868408203125,0.0,580,-0.003890444035641849
52.0,-339.66817455000006,60,4,15360,3221,0.0003,45339.54462890625,0.2,0.00067494786,-1.5377823472023011,-9.560585021972656e-05,22191.326171875,0.0,590,-0.001968008908443153
52.0,-332.80521659,61,4,15616,3221,0.0003,3646.5213989257813,0.2,0.009651277,-1.5373792767524719,-1.704692840576172e-05,1776.0882568359375,0.025,600,-0.012505795015022159
52.0,-341.90823988999995,62,4,15872,3221,0.0003,3425.966693115234,0.2,0.00348539,-1.5439148396253586,-0.00019550323486328125,1794.984375,0.004296875,610,-0.006889462773688138
52.0,-343.93343391,63,5,16128,3222,0.0003,28483.23586425781,0.2,0.0010650833,-1.5566637456417083,-6.079673767089844e-06,11338.8837890625,0.0,620,-0.0038695893017575145
52.0,-350.88391661,64,5,16384,3223,0.0003,6532.753625488282,0.2,0.004862843,-1.5623793125152587,-0.00042176246643066406,4203.17236328125,0.000390625,630,-0.007788191537838429
52.0,-351.21388307,65,5,16640,3223,0.0003,28194.206005859374,0.2,0.0014784331,-1.5703740209341048,-0.00012028217315673828,16803.1484375,0.0,640,-0.0039041358511894943
52.0,-353.96772384,66,5,16896,3224,0.0003,4623.231286621094,0.2,0.001290354,-1.570261412858963,8.881092071533203e-06,2271.57861328125,0.0,650,-0.002659599611070007
52.0,-353.57448207,67,5,17152,3224,0.0003,8060.658630371094,0.2,0.00077443477,-1.576902413368225,-0.00037360191345214844,4310.87841796875,0.0,660,-0.0024764765985310078
52.0,-347.42158950000004,68,5,17408,3224,0.0003,4334.756207275391,0.2,0.0012952329,-1.5774419486522675,-5.9604644775390625e-06,2041.5521240234375,0.0,670,-0.0031605131924152376
52.0,-345.87156082999996,69,5,17664,3223,0.0003,6989.169738769531,0.2,0.0027779338,-1.5752731412649155,1.9073486328125e-06,2734.390625,0.001953125,680,-0.00801975664217025
52.0,-345.66849167,70,5,17920,3224,0.0003,3897.6611938476562,0.2,0.0009488133,-1.5777356147766113,2.288818359375e-05,2336.19677734375,0.0,690,-0.0023704402847215533
52.0,-346.64511792999997,71,5,18176,3224,0.0003,4069.3263610839845,0.2,0.0005964078,-1.5774102628231048,-7.259845733642578e-05,1935.4681396484375,0.0,700,-0.002723957784473896
52.0,-345.26149874999993,72,5,18432,3224,0.0003,3987.6339111328125,0.2,0.0024873859,-1.574489250779152,-2.86102294921875e-06,2024.9892578125,0.0,710,-0.003945593745447696
52.0,-346.24899963,73,5,18688,3225,0.0003,3482.109899902344,0.2,0.001993175,-1.5770765721797944,-5.650520324707031e-05,1661.4866943359375,0.0,720,-0.004205357236787677
52.0,-345.02162914,74,5,18944,3225,0.0003,4702.325689697265,0.2,0.001259903,-1.567351821064949,-0.00011265277862548828,2591.218994140625,0.0,730,-0.0025348235154524445
52.0,-345.0125421,75,5,19200,3225,0.0003,6856.58310546875,0.2,0.0046695247,-1.5680373549461364,-1.6689300537109375e-05,4000.60107421875,0.003515625,740,-0.0073072633589617905
52.0,-343.9474922000001,76,6,19456,3225,0.0003,4238.141448974609,0.2,0.0024617768,-1.5623149812221526,-7.62939453125e-05,2302.413330078125,0.0,750,-0.004919926775619388
52.0,-335.55567876999993,77,6,19712,3226,0.0003,4272.6091796875,0.2,0.0038397722,-1.5575199455022812,4.470348358154297e-06,2193.2734375,0.0,760,-0.005356796807609499
52.0,-336.1631666599999,78,6,19968,3226,0.0003,4314.638299560547,0.2,0.00095119164,-1.5462816923856735,5.543231964111328e-06,2028.7469482421875,0.0,770,-0.002177463751286268
52.0,-334.74319729999996,79,6,20224,3226,0.0003,4373.701385498047,0.2,0.0044466984,-1.5298060208559037,-2.276897430419922e-05,2004.1466064453125,0.0,780,-0.007005638256669044
52.0,-324.85769812,80,6,20480,3226,0.0003,4339.011114501953,0.2,0.0019432548,-1.5102269798517227,-2.2649765014648438e-05,2166.9833984375,0.0,790,-0.0033713035518303514
52.0,-327.30648019,81,6,20736,3227,0.0003,4211.459033203125,0.2,0.0011380555,-1.513823240995407,-1.3709068298339844e-05,2136.8251953125,0.0,800,-0.0020306361839175224
52.0,-318.98223391,82,6,20992,3227,0.0003,4647.770843505859,0.2,0.0010657283,-1.503005537390709,-1.2874603271484375e-05,2401.135498046875,0.0,810,-0.0031468696892261506
52.0,-314.04266807,83,6,21248,3227,0.0003,3854.1194580078127,0.2,0.001551541,-1.503724804520607,5.6803226470947266e-05,1936.894775390625,0.0,820,-0.003493151324801147
52.0,-307.7616729,84,6,21504,3227,0.0003,3910.924639892578,0.2,0.0007349127,-1.5056140512228011,-1.2278556823730469e-05,1983.1412353515625,0.0,830,-0.0016690999967977405
52.0,-307.40206446,85,6,21760,3227,0.0003,4249.707495117187,0.2,0.0023326501,-1.504791259765625,-1.71661376953125e-05,1958.419677734375,0.0,840,-0.004318048991262913
52.0,-305.03939887999996,86,6,22016,3228,0.0003,3521.6119873046873,0.2,0.00095185055,-1.51162548661232,-1.919269561767578e-05,1801.3472900390625,0.0,850,-0.0017333018127828836
52.0,-306.22348922,87,6,22272,3228,0.0003,3788.4973571777346,0.2,0.007228345,-1.5315461874008178,-1.6927719116210938e-05,1989.9730224609375,0.02109375,860,-0.007297877315431833
52.0,-304.63750990999995,88,6,22528,3228,0.0003,4452.53755493164,0.2,0.0011681283,-1.5336356163024902,-0.0001131296157836914,2035.405029296875,0.0,870,-0.004329558066092432
52.0,-304.51338852000003,89,7,22784,3229,0.0003,3770.450335693359,0.2,0.005431041,-1.5199818015098572,-3.039836883544922e-05,1865.308837890625,0.01015625,880,-0.00613125714007765
52.0,-303.2994521300001,90,7,23040,3229,0.0003,3482.6641235351562,0.2,0.0022339683,-1.519681990146637,-2.2649765014648438e-06,1847.5831298828125,0.0,890,-0.003080055885948241
52.0,-303.37584713,91,7,23296,3229,0.0003,3484.7041625976562,0.2,0.0005536333,-1.5063958406448363,1.2993812561035156e-05,1947.3634033203125,0.0,900,-0.001402354845777154
52.0,-304.14526012000005,92,7,23552,3229,0.0003,4156.176684570312,0.2,0.0011864221,-1.4986010670661927,4.112720489501953e-06,1950.9732666015625,0.0,910,-0.003410626098047942
52.0,-306.30400306,93,7,23808,3229,0.0003,4132.211285400391,0.2,0.00038501504,-1.4967826545238494,-3.600120544433594e-05,1998.072265625,0.0,920,-0.001110310817603022
52.0,-303.04516399,94,7,24064,3229,0.0003,10906.598559570313,0.2,0.00064498256,-1.515293374657631,-0.00010335445404052734,4759.57861328125,0.0,930,-0.002261557709425688
52.0,-301.4716112,95,7,24320,3230,0.0003,3246.7974365234377,0.2,0.006607994,-1.5086133867502212,2.372264862060547e-05,1695.724365234375,0.01484375,940,-0.00806104198563844
52.0,-300.1923668,96,7,24576,3230,0.0003,2778.7870239257813,0.2,0.003972279,-1.4894220322370528,4.786252975463867e-05,1385.4986572265625,0.0,950,-0.0034258515806868672
52.0,-300.28902508,97,7,24832,3230,0.0003,4019.4489929199217,0.2,0.0024759723,-1.4765047192573548,-1.4066696166992188e-05,1961.3638916015625,0.0,960,-0.0037794784060679377
52.0,-306.51837923,98,7,25088,3230,0.0003,6222.965246582031,0.2,0.00015139836,-1.5096588432788849,-2.6345252990722656e-05,2489.066650390625,0.0,970,-0.0007729351986199617
52.0,-311.28510844,99,7,25344,3231,0.0003,12367.40732421875,0.2,0.0016450456,-1.512545755505562,-9.739398956298828e-05,7129.8349609375,0.0,980,-0.0037566909333691
52.0,-311.5121851,100,7,25600,3231,0.0003,11050.94351196289,0.2,0.006800388,-1.5295930981636048,-9.953975677490234e-05,7293.41015625,0.002734375,990,-0.008187157497741283
52.0,-310.24069685,101,8,25856,3224,0.0003,3299.1798706054688,0.2,0.0032048724,-1.541224592924118,3.820657730102539e-05,1719.77294921875,0.0,1000,-0.00557979354634881
52.0,-309.15689397,102,8,26112,3210,0.0003,3464.4599548339843,0.2,0.00073348405,-1.5401589214801787,8.702278137207031e-06,1481.3370361328125,0.0,1010,-0.0021761058829724788
52.0,-311.95030248,103,8,26368,3210,0.0003,3379.8481994628905,0.2,0.0021695541,-1.5327967405319214,-1.6689300537109375e-05,1794.9595947265625,0.0,1020,-0.003911382937803865
52.0,-311.2011577,104,8,26624,3210,0.0003,6293.1205383300785,0.2,0.0012053256,-1.5326811224222183,4.827976226806641e-06,2698.009765625,0.0,1030,-0.004314762377180159
52.0,-311.49765842,105,8,26880,3210,0.0003,4232.322888183594,0.2,0.008234164,-1.5338130086660384,-0.0002332925796508789,2313.42236328125,0.051953125,1040,-0.009751232946291566
52.0,-311.91419141,106,8,27136,3211,0.0003,4086.9591064453125,0.2,0.0010122298,-1.5279138147830964,-4.5299530029296875e-06,1905.1141357421875,0.0,1050,-0.001974798331502825
52.0,-311.55196090000004,107,8,27392,3211,0.0003,3685.5623107910155,0.2,0.00090286066,-1.5236932784318924,4.291534423828125e-06,1699.5845947265625,0.0,1060,-0.0034382292069494724
52.0,-310.83836283999995,108,8,27648,3211,0.0003,3580.164678955078,0.2,0.0025734038,-1.5205264568328858,-3.5762786865234375e-06,1793.688232421875,0.0,1070,-0.005243090295698494
52.0,-309.7190377,109,8,27904,3212,0.0003,3993.637316894531,0.2,0.0035380607,-1.5196708500385285,-0.00010967254638671875,2052.697509765625,0.0,1080,-0.004478182294405997
52.0,-312.19741392,110,8,28160,3212,0.0003,3151.4349609375,0.2,0.0073666745,-1.4846393853425979,8.344650268554688e-07,1362.1513671875,0.0046875,1090,-0.009656409104354679
52.0,-311.32888137,111,8,28416,3212,0.0003,6418.313562011719,0.2,0.0019660187,-1.517754852771759,-4.661083221435547e-05,2793.17626953125,0.0,1100,-0.003346956288442016
52.0,-309.52955336,112,8,28672,3213,0.0003,2833.3970642089844,0.2,0.0026606626,-1.5121089696884156,-1.049041748046875e-05,1361.1590576171875,0.0,1110,-0.002993380115367472
52.0,-312.82355284,113,9,28928,3213,0.0003,2985.5811157226562,0.2,0.0013052889,-1.509947243332863,7.033348083496094e-06,1425.5528564453125,0.0,1120,-0.0034957287483848632
52.0,-309.41284512000004,114,9,29184,3213,0.0003,6307.922937011719,0.2,0.008187283,-1.522408676147461,-2.86102294921875e-06,2976.77099609375,0.03828125,1130,-0.010942994942888617
52.0,-308.97100399000004,115,9,29440,3214,0.0003,3203.916229248047,0.2,0.00085789897,-1.5548606932163238,-3.933906555175781e-05,1461.4510498046875,0.0,1140,-0.0017029093578457832
52.0,-311.24536220000005,116,9,29696,3214,0.0003,2872.0720336914064,0.2,0.002072856,-1.552575695514679,1.049041748046875e-05,1430.7684326171875,0.0,1150,-0.004148501460440457
52.0,-316.61154104,117,9,29952,3214,0.0003,6173.6539306640625,0.2,0.0041999063,-1.5385723382234573,-2.86102294921875e-06,2940.82763671875,0.002734375,1160,-0.007403670065104962
52.0,-307.98659969,118,9,30208,3215,0.0003,8051.81142578125,0.2,0.01293054,-1.5343079835176467,-7.3909759521484375e-06,4530.8017578125,0.059765625,1170,-0.019417011574842036
52.0,-302.26488444,119,9,30464,3215,0.0003,3317.6692810058594,0.2,0.0028523363,-1.5259820371866226,2.008676528930664e-05,1659.9742431640625,0.0,1180,-0.005929983826354146
52.0,-301.79988884,120,9,30720,3216,0.0003,3350.323205566406,0.2,0.0015113107,-1.508693027496338,1.728534698486328e-05,1849.596923828125,0.0,1190,-0.0037703548558056356
52.0,-304.49577993,121,9,30976,3216,0.0003,3612.9000610351563,0.2,0.0038920217,-1.514464184641838,2.384185791015625e-06,1523.1202392578125,0.0015625,1200,-0.008298290031962096
52.0,-306.01123896,122,9,31232,3216,0.0003,5656.401776123047,0.2,0.0032730866,-1.509869635105133,-1.5497207641601562e-06,2566.266357421875,0.0,1210,-0.004454674466978758
52.0,-303.78985096,123,9,31488,3216,0.0003,3619.589910888672,0.2,0.0015256505,-1.5001011192798615,-4.410743713378906e-06,1755.23291015625,0.0,1220,-0.002367336885072291
52.0,-304.51761054,124,9,31744,3216,0.0003,3432.639599609375,0.2,0.0010163204,-1.4967088878154755,-1.239776611328125e-05,1622.3900146484375,0.0,1230,-0.0018518439028412104
52.0,-305.70123593999995,125,9,32000,3217,0.0003,3529.5278381347657,0.2,0.0009329966,-1.4861762821674347,-2.5033950805664062e-06,1732.86083984375,0.0,1240,-0.0013307599350810052
52.0,-305.46749883,126,10,32256,3217,0.0003,4377.913006591797,0.2,0.008255139,-1.4820384204387664,-3.1828880310058594e-05,2450.10107421875,0.029296875,1250,-0.01278993176529184
52.0,-304.76668623,127,10,32512,3217,0.0003,3206.4823608398438,0.2,0.009178237,-1.4778073757886887,-1.0728836059570312e-06,1741.4583740234375,0.019140625,1260,-0.008556781453080475
52.0,-303.38126966,128,10,32768,3217,0.0003,2871.739361572266,0.2,0.009748902,-1.4971587806940079,0.0,1399.3455810546875,0.0265625,1270,-0.010117835621349514
52.0,-303.06405116999997,129,10,33024,3217,0.0003,2898.677655029297,0.2,0.001295913,-1.5084191709756851,3.3974647521972656e-06,1345.1673583984375,0.0,1280,-0.0016284665907733142
52.0,-301.95569187000007,130,10,33280,3218,0.0003,3065.9450073242188,0.2,0.0028923608,-1.4915014326572418,1.627206802368164e-05,1594.951171875,0.0,1290,-0.0031905188225209713
52.0,-302.97255381,131,10,33536,3217,0.0003,3658.2067138671873,0.2,0.0015871823,-1.4876483231782913,5.4836273193359375e-06,1555.710693359375,0.0,1300,-0.004475030186586082
52.0,-304.27650897,132,10,33792,3217,0.0003,4307.230035400391,0.2,0.00080055185,-1.4745198339223862,-5.900859832763672e-05,2411.43212890625,0.0,1310,-0.002820106269791722
52.0,-302.6903883,133,10,34048,3217,0.0003,2898.4434509277344,0.2,0.006335739,-1.463200455904007,2.467632293701172e-05,1399.7469482421875,0.023828125,1320,-0.005265319393947721
52.0,-306.6535606,134,10,34304,3218,0.0003,2641.0456420898436,0.2,0.014137597,-1.4557490944862366,2.574920654296875e-05,1251.42431640625,0.073046875,1330,-0.01230274299159646
52.0,-307.68743674999996,135,10,34560,3218,0.0003,25668.23504638672,0.2,0.0009920916,-1.4558320373296738,-8.64267349243164e-05,16879.96484375,0.0,1340,-0.004052185476757586
52.0,-307.19916022,136,10,34816,3218,0.0003,4030.2090423583986,0.2,0.010154401,-1.4684431582689286,-2.5033950805664062e-05,1639.771484375,0.04453125,1350,-0.009985438897274435
52.0,-304.37279254,137,10,35072,3218,0.0003,4791.849035644531,0.2,0.005882906,-1.504753941297531,-7.271766662597656e-05,2274.32861328125,0.00625,1360,-0.006005109823308885
52.0,-303.72748242,138,10,35328,3218,0.0003,4019.6998779296873,0.2,0.0016651377,-1.4935902893543243,-1.7404556274414062e-05,1818.366455078125,0.0,1370,-0.0031955976970493793
52.0,-303.75548612999995,139,11,35584,3219,0.0003,2579.026336669922,0.2,0.0014696608,-1.4927520334720612,-7.510185241699219e-06,1225.904052734375,0.0,1380,-0.0031727411318570376
52.0,-302.19275655,140,11,35840,3219,0.0003,2655.1001586914062,0.2,0.0063830963,-1.4756027728319168,-1.9073486328125e-06,1366.7344970703125,0.02890625,1390,-0.007209667377173901
52.0,-304.24576859999996,141,11,36096,3217,0.0003,2482.858612060547,0.2,0.00921009,-1.4396790355443954,1.6570091247558594e-05,1164.2777099609375,0.066015625,1400,-0.011183620209340005
52.0,-301.02663777000004,142,11,36352,3213,0.0003,9644.877856445313,0.2,0.013017502,-1.4706815034151077,-3.3974647521972656e-05,4148.3427734375,0.0734375,1410,-0.012440880108624697
52.0,-304.13544139999993,143,11,36608,3210,0.0003,2993.1170959472656,0.2,0.008912833,-1.4683849960565567,-4.3272972106933594e-05,1615.8614501953125,0.042578125,1420,-0.008612990751862526
52.0,-303.86909592,144,11,36864,3210,0.0003,12241.105432128907,0.2,0.0035663361,-1.4797735124826432,-0.00021469593048095703,6822.78076171875,0.0,1430,-0.005644842388574034
52.0,-303.50943648,145,11,37120,3210,0.0003,3026.7576599121094,0.2,0.007781991,-1.4848955065011977,-7.152557373046875e-06,1454.199951171875,0.02109375,1440,-0.010128220543265343
52.0,-300.96636409999996,146,11,37376,3210,0.0003,3148.512585449219,0.2,0.013143182,-1.4679993987083435,5.245208740234375e-06,1423.5111083984375,0.068359375,1450,-0.012990889139473438
52.0,-301.00946783,147,11,37632,3210,0.0003,2913.560656738281,0.2,0.0058157677,-1.4792358487844468,-1.3113021850585938e-06,1316.8160400390625,0.00703125,1460,-0.011055972310714424
52.0,-304.21092636000003,148,11,37888,3210,0.0003,2532.293914794922,0.2,0.008356966,-1.464423742890358,1.806020736694336e-05,1293.2454833984375,0.0375,1470,-0.008072558470303193
52.0,-304.39584984,149,11,38144,3210,0.0003,8709.687915039063,0.2,0.00040122005,-1.447830891609192,-1.6570091247558594e-05,6256.3193359375,0.0,1480,-0.0021093179704621432
52.0,-303.30992346999994,150,11,38400,3211,0.0003,2662.4026062011717,0.2,0.0012068409,-1.4135702818632125,-3.5762786865234375e-06,1180.5811767578125,0.0,1490,-0.00431358345085755
52.0,-303.15760699,151,12,38656,3211,0.0003,2337.9181884765626,0.2,0.0033115032,-1.4520779818296432,-7.271766662597656e-06,1133.8624267578125,0.0,1500,-0.004174405289813876
52.0,-301.47059237,152,12,38912,3211,0.0003,3025.409802246094,0.2,0.0008740581,-1.4605471700429917,-2.384185791015625e-07,1527.5562744140625,0.0,1510,-0.0025149763096123934
52.0,-301.74182149999996,153,12,39168,3211,0.0003,2497.911517333984,0.2,0.0033879494,-1.4758848071098327,-3.814697265625e-06,1248.946044921875,0.0,1520,-0.004273850470781326
52.0,-304.65686909000004,154,12,39424,3211,0.0003,2484.968469238281,0.2,0.002125495,-1.4880746901035309,5.125999450683594e-06,1161.0458984375,0.0,1530,-0.004297081753611565
52.0,-296.18284786,155,12,39680,3212,0.0003,4326.674206542969,0.2,0.0072438186,-1.4754010826349258,4.76837158203125e-07,2403.635009765625,0.025390625,1540,-0.00871765308547765
52.0,-295.7831518,156,12,39936,3212,0.0003,3068.026892089844,0.2,0.0075845355,-1.4787347942590714,-1.0728836059570312e-06,1547.6434326171875,0.058984375,1550,-0.009105617203749717
52.0,-295.60366415,157,12,40192,3212,0.0003,4288.367822265625,0.2,0.011303032,-1.4778158694505692,-1.5139579772949219e-05,2042.0648193359375,0.059765625,1560,-0.011160174291580916
52.0,-297.08557240000005,158,12,40448,3212,0.0003,6058.297058105469,0.2,0.0066133263,-1.4797825545072556,-9.1552734375e-05,2771.7412109375,0.01640625,1570,-0.006938654300756753
52.0,-298.04371984,159,12,40704,3212,0.0003,2853.8423400878905,0.2,0.0040037143,-1.4621331572532654,3.039836883544922e-06,1300.27880859375,0.0,1580,-0.006736163585446775
52.0,-302.41046439999997,160,12,40960,3213,0.0003,2999.7685363769533,0.2,0.0055725086,-1.4403962433338164,-7.152557373046875e-07,1494.7247314453125,0.016796875,1590,-0.006838199938647449
52.0,-299.5902914,161,12,41216,3213,0.0003,8562.15772705078,0.2,0.001269941,-1.4544340193271637,-2.7418136596679688e-05,3036.984130859375,0.0,1600,-0.0032356836250983178
52.0,-301.28462643,162,12,41472,3213,0.0003,2901.89345703125,0.2,0.00484778,-1.456625559926033,-4.76837158203125e-07,1448.076171875,0.025,1610,-0.004567203298211098
52.0,-300.96486321,163,12,41728,3213,0.0003,3014.006005859375,0.2,0.00204778,-1.4487489759922028,-5.245208740234375e-06,1404.838134765625,0.0,1620,-0.005299251945689321
52.0,-296.72576744,164,13,41984,3213,0.0003,2486.080700683594,0.2,0.005158093,-1.4277867257595063,-2.2649765014648438e-06,1347.0438232421875,0.02265625,1630,-0.006905970233492553
52.0,-295.48668037,165,13,42240,3214,0.0003,2471.5710510253907,0.2,0.009220004,-1.4093772768974304,6.496906280517578e-06,1365.1820068359375,0.02421875,1640,-0.01114971332717687
52.0,-295.24672705,166,13,42496,3214,0.0003,2398.3371337890626,0.2,0.0067743734,-1.4005892157554627,4.172325134277344e-07,1211.2962646484375,0.066015625,1650,-0.011390699003823102
52.0,-296.35156973,167,13,42752,3214,0.0003,2294.771011352539,0.2,0.011908226,-1.3804926514625548,9.655952453613281e-06,1060.677490234375,0.07734375,1660,-0.011323529039509594
52.0,-296.23355251,168,13,43008,3214,0.0003,4771.894415283203,0.2,0.018310783,-1.319792914390564,-3.540515899658203e-05,2938.08984375,0.1265625,1670,-0.013022200029809028
52.0,-296.17858897,169,13,43264,3214,0.0003,7501.691186523438,0.2,0.010271482,-1.3744132965803146,3.3974647521972656e-06,3986.530029296875,0.091796875,1680,-0.010982546093873679
52.0,-298.2622589,170,13,43520,3215,0.0003,2438.962579345703,0.2,0.00307832,-1.3015596866607666,-2.5033950805664062e-06,1187.7481689453125,0.0140625,1690,-0.005772576085291803
52.0,-303.54468676,171,13,43776,3215,0.0003,7001.590832519531,0.2,0.0055808728,-1.3906843185424804,-5.2809715270996094e-05,3730.930908203125,0.004296875,1700,-0.004869133816100657
52.0,-301.86596538000003,172,13,44032,3215,0.0003,7315.2654479980465,0.2,0.0014480725,-1.3915995568037034,-4.291534423828125e-06,3843.704833984375,0.0,1710,-0.002110702823847532
52.0,-303.14313759,173,13,44288,3215,0.0003,2398.8353057861327,0.2,0.008701881,-1.4174773037433623,-1.5735626220703125e-05,1193.474365234375,0.050390625,1720,-0.007746737124398351
52.0,-302.1924535400001,174,13,44544,3215,0.0003,2850.6568298339844,0.2,0.0075149834,-1.3991661459207534,6.079673767089844e-06,1488.60888671875,0.048828125,1730,-0.007220102066639811
52.0,-301.92482891,175,13,44800,3216,0.0003,4072.2590942382812,0.2,0.008490789,-1.4533308416604995,3.337860107421875e-06,1846.1793212890625,0.066015625,1740,-0.008660228620283306
52.0,-302.2638399599999,176,14,45056,3216,0.0003,2083.8499237060546,0.2,0.00532002,-1.4458380103111268,3.0994415283203125e-06,1007.8401489257812,0.006640625,1750,-0.008208670909516514
52.0,-300.35081706,177,14,45312,3216,0.0003,2227.9717041015624,0.2,0.008729882,-1.4245569944381713,-4.0531158447265625e-06,1045.4613037109375,0.022265625,1760,-0.010089845443144441
52.0,-299.13988128999995,178,14,45568,3216,0.0003,2207.6350494384765,0.2,0.010094269,-1.329385194182396,2.980232238769531e-07,1065.209716796875,0.135546875,1770,-0.01718712958972901
52.0,-300.13065607,179,14,45824,3216,0.0003,3556.4167419433593,0.2,0.004663176,-1.3922579646110536,-4.971027374267578e-05,1541.924072265625,0.0,1780,-0.004740708251483738
52.0,-296.32381337999993,180,14,46080,3217,0.0003,4708.975415039063,0.2,0.008830287,-1.3743070542812348,8.940696716308594e-07,2578.28466796875,0.03671875,1790,-0.006738335569389164
52.0,-295.53259305000006,181,14,46336,3217,0.0003,2316.223388671875,0.2,0.004832547,-1.3623883038759232,-2.7418136596679688e-06,1150.4097900390625,0.0078125,1800,-0.006651756074279547
52.0,-297.14469578,182,14,46592,3217,0.0003,2450.8471862792967,0.2,0.001404939,-1.3778123259544373,-2.7418136596679688e-06,1161.32958984375,0.0,1810,-0.004235739377327264
52.0,-296.60659238000005,183,14,46848,3217,0.0003,4373.757141113281,0.2,0.0077172164,-1.4005978107452393,1.9669532775878906e-06,2109.4951171875,0.040625,1820,-0.008527287212200464
52.0,-300.69262679,184,14,47104,3218,0.0003,2555.4362609863283,0.2,0.0050428156,-1.348361524939537,-1.0728836059570312e-06,1188.1702880859375,0.003125,1830,-0.005222397879697383
52.0,-301.07610844,185,14,47360,3218,0.0003,6806.32744140625,0.2,0.0059135687,-1.3276508301496506,-4.410743713378906e-06,3589.8525390625,0.005859375,1840,-0.006160729588009417
52.0,-302.99317795,186,14,47616,3218,0.0003,3908.1696716308593,0.2,0.0008645409,-1.34577134847641,-9.775161743164062e-06,2202.166259765625,0.0,1850,-0.003619692230131477
52.0,-301.15623125999997,187,14,47872,3218,0.0003,2243.9667083740233,0.2,0.008615475,-1.3708124965429307,2.8014183044433594e-06,1161.7713623046875,0.06875,1860,-0.009942425601184367
52.0,-301.83711474,188,14,48128,3218,0.0003,2184.4698638916016,0.2,0.008002384,-1.3540044963359832,1.9669532775878906e-06,1028.8580322265625,0.054296875,1870,-0.0068217088701203465
52.0,-297.51275729,189,15,48384,3218,0.0003,2080.2297698974608,0.2,0.0061566434,-1.310512113571167,6.496906280517578e-06,1025.0643310546875,0.03515625,1880,-0.005547492322511971
52.0,-297.60398076000007,190,15,48640,3219,0.0003,1915.0295654296874,0.2,0.0069317236,-1.3159128665924071,3.7550926208496094e-06,839.28369140625,0.027734375,1890,-0.006249020271934569
52.0,-291.51630658,191,15,48896,3219,0.0003,3731.23447265625,0.2,0.0017205176,-1.316527783870697,-5.0067901611328125e-06,1627.378173828125,0.0,1900,-0.0027340140659362078
52.0,-296.02416841999997,192,15,49152,3219,0.0003,1693.089404296875,0.2,0.0062777037,-1.2991930484771728,1.430511474609375e-06,826.7808837890625,0.123828125,1910,-0.01755479392595589
52.0,-295.47425055,193,15,49408,3219,0.0003,5566.990447998047,0.2,0.011080589,-1.299628382921219,-3.0994415283203125e-06,3203.169189453125,0.062890625,1920,-0.009466287936083973
52.0,-297.76524985,194,15,49664,3218,0.0003,1897.7951416015626,0.2,0.003275181,-1.3613592356443405,-2.5153160095214844e-05,933.9830322265625,0.01171875,1930,-0.0039921139366924764
52.0,-296.86794654,195,15,49920,3218,0.0003,5348.861926269531,0.2,0.01110792,-1.350938081741333,-7.152557373046875e-05,2287.29345703125,0.083984375,1940,-0.009974563983269036
52.0,-297.14909012,196,15,50176,3219,0.0003,2360.6537536621095,0.2,0.0014209289,-1.3424238801002502,3.814697265625e-06,1184.203125,0.0,1950,-0.0037274244823493063
52.0,-297.40020875000005,197,15,50432,3219,0.0003,2234.074981689453,0.2,0.002343965,-1.3068030148744583,-1.5497207641601562e-06,1090.5316162109375,0.0,1960,-0.0038315121084451674
52.0,-297.19526284,198,15,50688,3219,0.0003,2190.36985168457,0.2,0.0073986575,-1.2542842030525208,2.2649765014648438e-06,1026.9759521484375,0.038671875,1970,-0.004318801406770945
52.0,-298.57493729,199,15,50944,3219,0.0003,8977.012841796875,0.2,0.011120537,-1.2766445696353912,-6.556510925292969e-05,3414.962890625,0.094921875,1980,-0.013297555968165398
52.0,-298.53886107,200,15,51200,3219,0.0003,1966.0345825195313,0.2,0.0048891758,-1.2761521816253663,4.5299530029296875e-06,885.4591674804688,0.020703125,1990,-0.004718484310433269
52.0,-300.61709208999997,201,15,51456,3219,0.0003,2209.5352294921877,0.2,0.0038834375,-1.262153121829033,2.3245811462402344e-06,871.6414794921875,0.008203125,2000,-0.004060856020078063
52.0,-299.61828830999997,202,16,51712,3220,0.0003,5052.424932861328,0.2,0.011818328,-1.316149815917015,-9.119510650634766e-05,1965.612060546875,0.096875,2010,-0.010830486263148486
52.0,-298.9059799099999,203,16,51968,3220,0.0003,2337.074041748047,0.2,0.0091715995,-1.2952401131391524,-1.5497207641601562e-06,1066.2713623046875,0.057421875,2020,-0.00820997569244355
52.0,-299.07004330999996,204,16,52224,3220,0.0003,2136.730548095703,0.2,0.0044649607,-1.305796492099762,-3.2186508178710938e-06,1086.0335693359375,0.058203125,2030,-0.008853063848800958
52.0,-296.62901994,205,16,52480,3220,0.0003,3827.5474609375,0.2,0.0036744785,-1.3802335560321808,-9.298324584960938e-06,1884.1158447265625,0.008203125,2040,-0.00811096029356122
52.0,-295.27912594,206,16,52736,3220,0.0003,2519.2754791259767,0.2,0.0054790573,-1.3664727360010147,5.960464477539062e-07,1175.49462890625,0.0453125,2050,-0.00793915786780417
52.0,-295.53955551,207,16,52992,3220,0.0003,2123.3707946777345,0.2,0.0050602965,-1.3083102732896805,-1.7881393432617188e-06,1023.683349609375,0.008203125,2060,-0.005760883004404605
52.0,-298.04020176,208,16,53248,3221,0.0003,2108.019900512695,0.2,0.0062083458,-1.3152112275362016,2.1457672119140625e-06,874.2838745117188,0.006640625,2070,-0.00628457369748503
52.0,-297.92206228,209,16,53504,3221,0.0003,5040.039501953125,0.2,0.0063209124,-1.3645654171705246,-4.172325134277344e-06,2476.19873046875,0.022265625,2080,-0.006235541845671833
52.0,-295.98125875,210,16,53760,3221,0.0003,1926.0034423828124,0.2,0.0022045695,-1.3696924716234207,-1.6689300537109375e-06,826.8689575195312,0.0,2090,-0.0024797635385766627
52.0,-298.32781191,211,16,54016,3221,0.0003,1697.3425201416017,0.2,0.008596459,-1.3835568368434905,6.794929504394531e-06,796.5819091796875,0.083203125,2100,-0.010199030232615768
52.0,-295.07193058,212,16,54272,3221,0.0003,5016.401177978516,0.2,0.0138650155,-1.3851813405752182,-3.5762786865234375e-06,2325.136962890625,0.116015625,2110,-0.01012720661237836
52.0,-295.42352106000004,213,16,54528,3221,0.0003,1858.9080627441406,0.2,0.0060525006,-1.3443610906600951,2.086162567138672e-06,955.4069213867188,0.03984375,2120,-0.007672353344969451
52.0,-294.84678813,214,17,54784,3222,0.0003,2114.088980102539,0.2,0.009439148,-1.3749481976032256,-2.1457672119140625e-05,1013.5490112304688,0.09296875,2130,-0.010564481595065445
52.0,-292.98869069,215,17,55040,3222,0.0003,2664.485662841797,0.2,0.0049086437,-1.3573629140853882,-5.960464477539062e-07,1284.924072265625,0.01875,2140,-0.0060339760268107055
52.0,-293.76756731,216,17,55296,3222,0.0003,1860.5778778076171,0.2,0.0076208487,-1.3422664403915405,-2.5033950805664062e-06,856.164794921875,0.06875,2150,-0.010011676233261824
52.0,-294.50051454,217,17,55552,3222,0.0003,2996.2384765625,0.2,0.006367984,-1.346953672170639,-4.5299530029296875e-06,1390.600341796875,0.007421875,2160,-0.0061663050553761424
52.0,-292.86335151,218,17,55808,3222,0.0003,2177.782794189453,0.2,0.0074172616,-1.2986533761024475,-1.1920928955078125e-06,1030.6513671875,0.046875,2170,-0.00698580511379987
52.0,-289.82432907,219,17,56064,3222,0.0003,1870.6355682373046,0.2,0.004190392,-1.2893713176250459,7.152557373046875e-07,937.3731689453125,0.044140625,2180,-0.006769880617503077
52.0,-289.52431413,220,17,56320,3222,0.0003,2053.279425048828,0.2,0.0057529765,-1.3145276337862015,-2.9802322387695312e-06,1006.0185546875,0.051171875,2190,-0.00972866837400943
52.0,-292.00794449999995,221,17,56576,3222,0.0003,1933.4280090332031,0.2,0.010023848,-1.2785606861114502,-9.5367431640625e-07,907.3848876953125,0.1359375,2200,-0.01742377351038158
52.0,-293.76450183000003,222,17,56832,3223,0.0003,11873.611181640625,0.2,0.009786777,-1.3778558760881423,-1.3589859008789062e-05,3567.472900390625,0.056640625,2210,-0.008073571766726673
52.0,-294.48933368,223,17,57088,3223,0.0003,4087.0701232910155,0.2,0.005654907,-1.3537293523550034,-2.2649765014648438e-06,1716.9354248046875,0.015234375,2220,-0.00848335277987644
52.0,-295.60168081999996,224,17,57344,3223,0.0003,3186.9260803222655,0.2,0.0057295803,-1.4148597925901414,6.556510925292969e-07,1362.016845703125,0.01796875,2230,-0.012482683616690337
52.0,-295.40263598000007,225,17,57600,3223,0.0003,5329.59697265625,0.2,0.0040395246,-1.3948769629001618,-2.0265579223632812e-06,2624.496826171875,0.0125,2240,-0.004948636493645608
52.0,-294.30603461999993,226,17,57856,3223,0.0003,1996.9700927734375,0.2,0.0041341954,-1.3964806169271469,-1.8596649169921875e-05,878.384033203125,0.023828125,2250,-0.00551419974071905
52.0,-294.76036369999997,227,18,58112,3223,0.0003,1719.7376922607423,0.2,0.0066755307,-1.377244660258293,1.430511474609375e-06,856.517333984375,0.078125,2260,-0.009633427765220404
52.0,-292.1159293,228,18,58368,3223,0.0003,2366.6114990234373,0.2,0.003490615,-1.3749785810708999,8.344650268554688e-07,1167.891357421875,0.024609375,2270,-0.0076360580744221805
52.0,-293.05219076,229,18,58624,3224,0.0003,1784.361309814453,0.2,0.006566185,-1.3313993632793426,-5.960464477539062e-07,838.0302124023438,0.112109375,2280,-0.014362718560732901
52.0,-293.40876415,230,18,58880,3224,0.0003,2120.1420928955076,0.2,0.0029083958,-1.374210724234581,5.960464477539063e-08,1191.261962890625,0.004296875,2290,-0.007133149076253176
52.0,-291.929927,231,18,59136,3224,0.0003,1804.2120697021485,0.2,0.0034601213,-1.3634020537137985,-1.6689300537109375e-06,935.1953735351562,0.00546875,2300,-0.007689934270456433
52.0,-291.70320814999997,232,18,59392,3224,0.0003,2226.6131225585937,0.2,0.003958136,-1.4108166188001632,-1.3470649719238281e-05,1082.0821533203125,0.0015625,2310,-0.0038137022871524095
52.0,-291.48278791999996,233,18,59648,3224,0.0003,1596.6260986328125,0.2,0.005760363,-1.4316999554634093,7.748603820800781e-07,704.778076171875,0.02734375,2320,-0.008278154116123915
52.0,-291.96553295999996,234,18,59904,3224,0.0003,1904.2505981445313,0.2,0.0018035902,-1.380537387728691,-2.384185791015625e-07,1004.9546508789062,0.0,2330,-0.003943419689312578
52.0,-291.55201272,235,18,60160,3224,0.0003,3001.0023193359375,0.2,0.006794073,-1.405820682644844,8.940696716308594e-07,1591.654052734375,0.04609375,2340,-0.011080791224958374
52.0,-291.05407106999996,236,18,60416,3225,0.0003,1745.4231414794922,0.2,0.0055454024,-1.3590849608182907,1.0728836059570312e-06,858.3816528320312,0.040234375,2350,-0.007718473591376096
52.0,-293.63561043000004,237,18,60672,3225,0.0003,2115.306832885742,0.2,0.0070185508,-1.3326818227767945,-7.152557373046875e-07,969.2423095703125,0.05,2360,-0.006669083586893975
52.0,-294.12984802,238,18,60928,3225,0.0003,6734.998937988281,0.2,0.008814021,-1.3710480868816375,-7.271766662597656e-06,1438.3212890625,0.024609375,2370,-0.006163426698185504
52.0,-294.18027587,239,18,61184,3225,0.0003,2436.7792633056642,0.2,0.0011008016,-1.3066814094781876,-3.6954879760742188e-06,1350.236328125,0.0,2380,-0.0024301134515553715
52.0,-294.01329124000006,240,19,61440,3225,0.0003,1928.2408874511718,0.2,0.005714492,-1.355410674214363,-1.0251998901367188e-05,878.5675048828125,0.012109375,2390,-0.0039507904788479205
52.0,-289.37257966,241,19,61696,3225,0.0003,1924.9453369140624,0.2,0.0015304931,-1.390657702088356,2.384185791015625e-07,1015.3114013671875,0.0,2400,-0.0029554393840953708
52.0,-287.78396214,242,19,61952,3225,0.0003,1847.1001525878905,0.2,0.0026115987,-1.3190964996814727,-7.152557373046875e-07,819.4093017578125,0.00078125,2410,-0.007076473208144307
52.0,-288.48415161,243,19,62208,3226,0.0003,1661.6392059326172,0.2,0.0025543503,-1.3829126477241516,0.0,915.3785400390625,0.001953125,2420,-0.0056734531419351695
52.0,-287.54739616,244,19,62464,3226,0.0003,4799.6784942626955,0.2,0.0047514522,-1.3358802139759063,4.172325134277344e-07,2599.429443359375,0.056640625,2430,-0.00948794106952846
52.0,-284.19454905000003,245,19,62720,3226,0.0003,1399.2366088867188,0.2,0.008597802,-1.2627854138612746,2.0265579223632812e-06,735.1826782226562,0.1171875,2440,-0.016545179230161012
52.0,-283.59044766,246,19,62976,3226,0.0003,1832.3545379638672,0.2,0.00043286127,-1.3608378648757935,-3.6954879760742188e-06,940.5131225585938,0.0,2450,-0.0014596124761737882
52.0,-284.78958231,247,19,63232,3226,0.0003,1474.7785949707031,0.2,0.0073519107,-1.3218321800231934,1.7881393432617188e-07,718.0059814453125,0.06171875,2460,-0.010330780269578099
52.0,-290.85896236,248,19,63488,3226,0.0003,4137.460101318359,0.2,0.0036205747,-1.3757889896631241,1.1920928955078125e-06,2474.248291015625,0.016015625,2470,-0.006937354640103877
52.0,-289.73861594000005,249,19,63744,3226,0.0003,9303.938293457031,0.2,0.006643843,-1.4289525538682937,1.7881393432617188e-06,4933.82421875,0.06953125,2480,-0.012252759677357972
52.0,-289.59201918,250,19,64000,3226,0.0003,1247.8819763183594,0.2,0.0077785775,-1.3351967304944992,3.874301910400391e-06,584.72607421875,0.06484375,2490,-0.010183438728563487
52.0,-288.26263729000004,251,19,64256,3226,0.0003,2283.904260253906,0.2,0.007027913,-1.4029296725988387,-5.7220458984375e-06,1177.0517578125,0.07109375,2500,-0.009130432270467281
52.0,-291.39118934000004,252,19,64512,3226,0.0003,1383.6485229492187,0.2,0.0060664862,-1.3677575558423996,3.7550926208496094e-06,646.5728759765625,0.025,2510,-0.006321264605503529
52.0,-291.27597148999996,253,20,64768,3227,0.0003,5345.886267089843,0.2,0.0055093486,-1.3808900535106658,-2.0265579223632812e-06,2951.99658203125,0.01015625,2520,-0.004095211159437895
52.0,-292.25203435,254,20,65024,3227,0.0003,1489.7807586669921,0.2,0.007524792,-1.3554697304964065,2.9802322387695312e-06,714.4525756835938,0.13671875,2530,-0.019059931975789368
52.0,-292.62134248999996,255,20,65280,3227,0.0003,5011.571905517578,0.2,0.007763088,-1.4307159155607223,-3.4570693969726562e-06,2570.546142578125,0.084765625,2540,-0.010326602309942246
52.0,-292.596068,256,20,65536,3227,0.0003,1432.8892791748046,0.2,0.004542148,-1.3798243314027787,-2.7418136596679688e-06,695.0960693359375,0.0171875,2550,-0.008142356853932142
52.0,-291.05368841,257,20,65792,3227,0.0003,2153.5263854980467,0.2,0.0076215565,-1.4014033675193787,-7.152557373046875e-07,1040.2659912109375,0.02421875,2560,-0.008676745765842497
52.0,-289.07963820000003,258,20,66048,3226,0.0003,2768.8907775878906,0.2,0.0016419252,-1.388184916973114,-2.6464462280273438e-05,1345.2882080078125,0.0,2570,-0.005252515443135053
52.0,-293.23174715,259,20,66304,3226,0.0003,1294.9532470703125,0.2,0.008876411,-1.356852611899376,-1.5497207641601562e-06,655.2081298828125,0.041015625,2580,-0.006863986642565578
52.0,-292.89276361,260,20,66560,3227,0.0003,13258.941357421874,0.2,0.0033414506,-1.4152555525302888,-3.6954879760742188e-06,5939.20263671875,0.000390625,2590,-0.0061634465819224715
52.0,-292.83103986000003,261,20,66816,3227,0.0003,1630.4043853759765,0.2,0.00633689,-1.2785819530487061,-1.3113021850585938e-06,819.4641723632812,0.0984375,2600,-0.01532376412069425
52.0,-296.86683036,262,20,67072,3227,0.0003,1406.9857360839844,0.2,0.011602199,-1.2548145413398744,3.039836883544922e-06,573.3609619140625,0.16015625,2610,-0.021904121013358237
52.0,-295.51958580999997,263,20,67328,3227,0.0003,6748.296179199218,0.2,0.0069211563,-1.3512623339891434,-4.172325134277344e-06,2787.261962890625,0.013671875,2620,-0.005276680551469326
52.0,-297.85696116,264,20,67584,3227,0.0003,1231.6174240112305,0.2,0.003527717,-1.3962635308504106,3.7550926208496094e-06,578.9117431640625,0.0,2630,-0.005521969520486891
52.0,-302.01760737999996,265,21,67840,3227,0.0003,7164.76923828125,0.2,0.0021344803,-1.3974254995584487,6.556510925292969e-07,5519.97802734375,0.0,2640,-0.003472151351161301
52.0,-303.39898182,266,21,68096,3227,0.0003,6243.582336425781,0.2,0.010995579,-1.4177605748176574,-3.5762786865234375e-07,2307.0322265625,0.101171875,2650,-0.013379275728948415
52.0,-304.69737015000004,267,21,68352,3227,0.0003,1154.5481536865234,0.2,0.006487452,-1.3788054287433624,-2.384185791015625e-07,604.7506713867188,0.046484375,2660,-0.007831389550119638
52.0,-295.30998782,268,21,68608,3227,0.0003,1670.5033782958985,0.2,0.00478301,-1.3726201832294465,-2.384185791015625e-07,923.4909057617188,0.011328125,2670,-0.009618766058702021
52.0,-296.10410198,269,21,68864,3227,0.0003,1477.4029052734375,0.2,0.0022280908,-1.3727937400341035,3.5762786865234375e-07,741.1000366210938,0.0,2680,-0.003727982915006578
52.0,-297.49846924999997,270,21,69120,3227,0.0003,1456.660092163086,0.2,0.006141466,-1.315695223212242,3.5762786865234375e-07,774.9699096679688,0.087109375,2690,-0.011824625264853238
52.0,-299.16982872999995,271,21,69376,3224,0.0003,2856.0077514648438,0.2,0.005412854,-1.3651522189378738,-1.0728836059570312e-06,1664.0086669921875,0.0,2700,-0.00729446760378778
52.0,-296.6223083699999,272,21,69632,3223,0.0003,4752.022048950195,0.2,0.0062323203,-1.363135850429535,-2.5033950805664062e-06,2116.115234375,0.029296875,2710,-0.011834617634303869
52.0,-299.47809685,273,21,69888,3223,0.0003,1456.0610595703124,0.2,0.0052067377,-1.26752450466156,-5.960464477539062e-07,710.7719116210938,0.01640625,2720,-0.005206424905918538
52.0,-296.87577842999997,274,21,70144,3223,0.0003,8135.356396484375,0.2,0.0038479844,-1.3512660920619965,-2.384185791015625e-06,5175.4365234375,0.001953125,2730,-0.005980041448492557
52.0,-296.33364473,275,21,70400,3223,0.0003,1893.1574768066407,0.2,0.0056075566,-1.3715569823980331,-9.5367431640625e-07,1152.650146484375,0.026171875,2740,-0.009572752076201141
52.0,-295.56942798999995,276,21,70656,3223,0.0003,1667.5472900390625,0.2,0.0041704657,-1.3674305349588394,-1.6689300537109375e-06,903.849853515625,0.00625,2750,-0.003631309140473604
52.0,-297.46162006,277,21,70912,3223,0.0003,1078.522640991211,0.2,0.0032328656,-1.3094768077135086,-2.384185791015625e-07,547.2313842773438,0.028125,2760,-0.00806067306548357
52.0,-296.16744987,278,22,71168,3223,0.0003,5039.995846557617,0.2,0.0012372534,-1.3439496427774429,-1.9073486328125e-06,2788.378662109375,0.0,2770,-0.001212162314914167
52.0,-300.94998108999994,279,22,71424,3223,0.0003,6475.616369628906,0.2,0.005058768,-1.3332865417003632,5.364418029785156e-07,3414.09619140625,0.07421875,2780,-0.011382674518972635
52.0,-294.99278431,280,22,71680,3223,0.0003,1588.7716415405273,0.2,0.004924999,-1.3834155768156051,1.0728836059570312e-06,765.234130859375,0.06796875,2790,-0.014296865067444741
52.0,-298.52761994,281,22,71936,3223,0.0003,1246.9559692382813,0.2,0.0049473066,-1.2606539756059647,-3.5762786865234375e-07,630.7605590820312,0.082421875,2800,-0.012061131373047828
52.0,-301.61397295,282,22,72192,3223,0.0003,8159.339813232422,0.2,0.001971358,-1.3112728267908096,-2.384185791015625e-07,1820.8565673828125,0.000390625,2810,-0.002635403140448034
52.0,-299.09897105000005,283,22,72448,3223,0.0003,5821.323022460938,0.2,0.007704299,-1.337992388010025,-1.7881393432617188e-06,2306.14697265625,0.094921875,2820,-0.014106340799480676
52.0,-296.26143372,284,22,72704,3224,0.0003,1315.4989776611328,0.2,0.0057593444,-1.2833611965179443,-1.5497207641601562e-06,714.4074096679688,0.045703125,2830,-0.008126082830131054
52.0,-291.90066546,285,22,72960,3224,0.0003,1603.3876739501952,0.2,0.0042782566,-1.2488941699266434,3.5762786865234375e-07,957.7274169921875,0.0234375,2840,-0.012490811885800212
52.0,-289.01009753000005,286,22,73216,3224,0.0003,1260.2091674804688,0.2,0.00476085,-1.207776626944542,8.344650268554688e-07,636.3656005859375,0.074609375,2850,-0.00979386845137924
52.0,-291.1554202600001,287,22,73472,3224,0.0003,1160.6537353515625,0.2,0.0047496036,-1.2373147130012512,4.172325134277344e-07,530.5217895507812,0.046484375,2860,-0.006550182041246444
52.0,-291.7457907500001,288,22,73728,3224,0.0003,3856.154888916016,0.2,0.0051712138,-1.2282072931528092,-7.62939453125e-06,1829.9796142578125,0.008203125,2870,-0.0036670458735898136
52.0,-290.61647394000005,289,22,73984,3224,0.0003,1123.4449920654297,0.2,0.0075498903,-1.206793263554573,1.2874603271484375e-05,567.6351928710938,0.022265625,2880,-0.004225026303902269
52.0,-288.31506095000003,290,23,74240,3224,0.0003,1034.1400863647461,0.2,0.0043194164,-1.207547563314438,2.3245811462402344e-06,509.05718994140625,0.0140625,2890,-0.011575895687565207
52.0,-288.92069466,291,23,74496,3224,0.0003,967.4866592407227,0.2,0.00801371,-1.1871576577425003,4.827976226806641e-06,468.0290832519531,0.0984375,2900,-0.012724912911653518
52.0,-295.26717925,292,23,74752,3224,0.0003,8930.954125976563,0.2,0.0052885935,-1.267408272624016,1.1920928955078125e-07,3003.12890625,0.0171875,2910,-0.006241478293668478
52.0,-293.65994043,293,23,75008,3224,0.0003,7320.661889648438,0.2,0.011481891,-1.3245250046253205,-4.76837158203125e-07,3590.3916015625,0.076171875,2920,-0.008434291370213032
52.0,-294.19388537,294,23,75264,3224,0.0003,1636.5173553466798,0.2,0.0028903696,-1.2665463238954544,-7.271766662597656e-06,859.657958984375,0.001171875,2930,-0.005286131869070232
52.0,-294.31080337000003,295,23,75520,3225,0.0003,1419.163104248047,0.2,0.0016187464,-1.3213018953800202,-1.1920928955078125e-06,671.5319213867188,0.001171875,2940,-0.00350492064608261
52.0,-294.26036569,296,23,75776,3225,0.0003,1134.0253631591797,0.2,0.0038885197,-1.2352640241384507,-9.5367431640625e-07,537.6343383789062,0.036328125,2950,-0.010346043622121215
52.0,-290.19226706,297,23,76032,3225,0.0003,1524.963461303711,0.2,0.007522044,-1.2414390206336976,-1.3113021850585938e-06,736.2413940429688,0.0140625,2960,-0.009781502350233496
52.0,-290.86204569000006,298,23,76288,3225,0.0003,885.3353775024414,0.2,0.0061245896,-1.2100551128387451,1.9669532775878906e-06,430.9668273925781,0.07578125,2970,-0.008408142300322653
52.0,-289.78800283,299,23,76544,3225,0.0003,1283.9041473388672,0.2,0.008653198,-1.1117341816425323,1.3709068298339844e-06,618.8922729492188,0.102734375,2980,-0.012631123629398644
52.0,-288.08335974,300,23,76800,3225,0.0003,2859.7269592285156,0.2,0.0032975662,-1.2134037077426911,2.980232238769531e-07,1583.2218017578125,0.00703125,2990,-0.006059214647393674
52.0,-287.88846393000006,301,23,77056,3224,0.0003,1122.2199722290038,0.2,0.0060839364,-1.1244725912809372,1.3113021850585938e-06,567.80126953125,0.0421875,3000,-0.008272936870343982
52.0,-280.57511496,302,23,77312,3224,0.0003,1257.0889511108398,0.2,0.0069845584,-1.1217561453580855,-5.9604644775390625e-06,511.8553771972656,0.026171875,3010,-0.009459295030683278
52.0,-281.80704231,303,24,77568,3224,0.0003,1447.4241973876954,0.2,0.004202883,-1.0369826629757881,-9.5367431640625e-07,819.791748046875,0.017578125,3020,-0.005905638425610959
52.0,-280.85117139,304,24,77824,3224,0.0003,1902.6929504394532,0.2,0.009213346,-1.0705209046602249,-9.179115295410156e-06,903.4080200195312,0.055859375,3030,-0.006657598353922367
52.0,-284.57529397999997,305,24,78080,3224,0.0003,1038.5000930786132,0.2,0.007978648,-0.9947543144226074,2.0265579223632812e-06,536.5033569335938,0.12109375,3040,-0.015407630917616188
52.0,-285.23027956,306,24,78336,3224,0.0003,3828.919482421875,0.2,0.010664838,-0.9944468885660172,-2.193450927734375e-05,1619.7694091796875,0.0515625,3050,-0.009508543438278139
52.0,-284.01429149,307,24,78592,3224,0.0003,1263.0441833496093,0.2,0.005643812,-1.0045182690024377,-3.0994415283203125e-06,631.3782958984375,0.10390625,3060,-0.011810411512851716
52.0,-285.36611879,308,24,78848,3224,0.0003,774.5163803100586,0.2,0.004125356,-1.0107826605439185,-1.430511474609375e-06,372.8816223144531,0.026953125,3070,-0.009126651581027545
52.0,-285.56310053,309,24,79104,3224,0.0003,3882.4168395996094,0.2,0.006673131,-1.0319406136870384,-4.5299530029296875e-06,2219.929443359375,0.044921875,3080,-0.004099119268357754
52.0,-286.14240769,310,24,79360,3224,0.0003,1082.4684616088866,0.2,0.0086365,-0.9949566945433617,-8.106231689453125e-06,586.1687622070312,0.138671875,3090,-0.01709775363560766
52.0,-283.32909958999994,311,24,79616,3224,0.0003,1201.466485595703,0.2,0.0032814166,-0.9960319504141808,-1.9073486328125e-06,627.8482666015625,0.012890625,3100,-0.005098221870139241
52.0,-279.44142203,312,24,79872,3224,0.0003,917.2817367553711,0.2,0.0065366747,-0.9878992289304733,1.1324882507324219e-06,489.6802673339844,0.056640625,3110,-0.009541195910423994
52.0,-277.01916035000005,313,24,80128,3224,0.0003,4568.379968261719,0.2,0.0026270559,-1.028958734869957,-1.430511474609375e-06,1706.0421142578125,0.0078125,3120,-0.007441957097034902
52.0,-277.67582866000004,314,24,80384,3225,0.0003,1387.7547088623046,0.2,0.00549111,-0.9943630918860435,7.152557373046875e-07,591.5223388671875,0.021875,3130,-0.009072639304213226
52.0,-275.88644746000006,315,25,80640,3225,0.0003,1283.861553955078,0.2,0.0060375826,-1.0031316563487054,-5.960464477539062e-07,622.894287109375,0.094140625,3140,-0.010537362820468844
52.0,-277.5733573,316,25,80896,3225,0.0003,2902.6948181152343,0.2,0.0057016816,-1.0637573331594468,5.960464477539063e-08,981.0894775390625,0.030859375,3150,-0.00525066708214581
52.0,-279.42016679,317,25,81152,3225,0.0003,812.7396774291992,0.2,0.0035639948,-1.01535255163908,6.735324859619141e-06,419.2735290527344,0.004296875,3160,-0.0028512652730569243
52.0,-284.58454119,318,25,81408,3225,0.0003,2394.062223815918,0.2,0.004444395,-1.084322501718998,-1.0728836059570312e-06,1080.460693359375,0.0828125,3170,-0.008447977295145393
52.0,-285.34949144,319,25,81664,3225,0.0003,10736.424548339844,0.2,0.0022985374,-1.0595906138420106,-4.76837158203125e-06,6428.421875,0.00234375,3180,-0.0038938716519623996
52.0,-287.44381395,320,25,81920,3225,0.0003,3387.165408325195,0.2,0.0070342133,-1.0794438809156417,-9.775161743164062e-06,1830.841064453125,0.096875,3190,-0.010911417379975318
52.0,-287.85118927999997,321,25,82176,3225,0.0003,2872.6411895751953,0.2,0.0052482397,-1.0468613356351852,-7.152557373046875e-07,1226.33837890625,0.010546875,3200,-0.004113842127844691
52.0,-287.39266362,322,25,82432,3225,0.0003,945.9168746948242,0.2,0.006067385,-1.0134294152259826,-1.1920928955078125e-06,487.90667724609375,0.0578125,3210,-0.009416917734779418
52.0,-286.16281743999997,323,25,82688,3225,0.0003,1058.084909057617,0.2,0.0057562003,-1.0059041231870651,1.5497207641601562e-06,464.2819519042969,0.0875,3220,-0.010473318537697196
52.0,-286.11237741,324,25,82944,3225,0.0003,819.7787567138672,0.2,0.004257785,-1.0517736345529556,1.7881393432617188e-07,351.7223205566406,0.019921875,3230,-0.005609243968501687
52.0,-282.81916641000004,325,25,83200,3225,0.0003,1414.4727294921875,0.2,0.004927461,-1.0755088061094285,-2.384185791015625e-06,633.9548950195312,0.01640625,3240,-0.004670315515249967
52.0,-282.66965429,326,25,83456,3225,0.0003,1288.200277709961,0.2,0.0064054835,-1.106915032863617,-2.384185791015625e-07,647.6810913085938,0.05,3250,-0.011754591797944159
52.0,-283.44099883,327,25,83712,3225,0.0003,864.5775543212891,0.2,0.0058334423,-1.089634159207344,1.7881393432617188e-07,398.1630859375,0.083984375,3260,-0.010808360949158668
52.0,-283.44447461,328,26,83968,3225,0.0003,2058.483932495117,0.2,0.005930664,-1.1872558623552323,2.384185791015625e-07,1481.1337890625,0.065625,3270,-0.009331723768264055
52.0,-279.70043725999994,329,26,84224,3225,0.0003,759.7763153076172,0.2,0.009685582,-1.148161417245865,3.2782554626464844e-06,351.1201171875,0.109765625,3280,-0.017479383968748152
52.0,-281.39964874000003,330,26,84480,3225,0.0003,880.6625869750976,0.2,0.0075029293,-1.0636262804269792,8.344650268554688e-07,431.28515625,0.070703125,3290,-0.01338946670293808
52.0,-284.30974751,331,26,84736,3225,0.0003,3034.984698486328,0.2,0.003411237,-1.1235230952501296,4.172325134277344e-07,1215.884765625,0.006640625,3300,-0.004653851909097284
52.0,-283.81966084,332,26,84992,3225,0.0003,1429.8306091308593,0.2,0.0027884375,-1.1643618047237396,-8.344650268554688e-07,848.6328735351562,0.008203125,3310,-0.004464528895914555
52.0,-285.23427979,333,26,85248,3225,0.0003,3435.4817810058594,0.2,0.0038764768,-1.1074956387281418,0.0,1350.85302734375,0.0125,3320,-0.007388818915933371
52.0,-284.14661496,334,26,85504,3226,0.0003,1832.811849975586,0.2,0.0021577706,-1.081647290289402,-1.0848045349121094e-05,782.398681640625,0.003125,3330,-0.006805267976596951
52.0,-284.97894837,335,26,85760,3226,0.0003,967.8909164428711,0.2,0.006856979,-1.083499252796173,5.960464477539062e-07,406.1091613769531,0.108984375,3340,-0.014679125440306962
52.0,-282.73579553999997,336,26,86016,3226,0.0003,1239.8719146728515,0.2,0.009868154,-1.0977385073900223,-2.9802322387695312e-05,526.8045654296875,0.082421875,3350,-0.00875444901175797
52.0,-285.24481206,337,26,86272,3226,0.0003,844.761019897461,0.2,0.008613245,-1.0778951555490495,-2.384185791015625e-07,407.6517028808594,0.06953125,3360,-0.008915055135730654
52.0,-279.57544527,338,26,86528,3226,0.0003,4298.917388916016,0.2,0.0024051985,-1.1775039792060853,-2.9802322387695312e-06,1110.1702880859375,0.001953125,3370,-0.0018291810178197921
52.0,-282.46386723,339,26,86784,3226,0.0003,1163.0825408935548,0.2,0.002459158,-1.095639196038246,4.76837158203125e-07,550.5292358398438,0.00390625,3380,-0.004789763619191945
52.0,-279.64767187,340,26,87040,3226,0.0003,6239.067517089844,0.2,0.0028062207,-1.1430916666984559,-1.5497207641601562e-06,2886.484619140625,0.00859375,3390,-0.00829637817805633
52.0,-279.54459710000003,341,27,87296,3226,0.0003,1747.6754089355468,0.2,0.008621927,-1.198892879486084,-2.2649765014648438e-06,967.1123046875,0.04140625,3400,-0.008756330376490951
52.0,-280.17064982000005,342,27,87552,3226,0.0003,680.8348037719727,0.2,0.0058117555,-1.0940666422247887,3.159046173095703e-06,357.2127685546875,0.074609375,3410,-0.0165991282556206
52.0,-280.32152239000004,343,27,87808,3226,0.0003,1633.9446411132812,0.2,0.00973302,-1.15954532623291,4.172325134277344e-07,664.6723022460938,0.0640625,3420,-0.016135710827074944
52.0,-280.87350878,344,27,88064,3226,0.0003,732.6444778442383,0.2,0.002550783,-1.1095633149147033,-1.1920928955078125e-07,400.39501953125,0.00703125,3430,-0.0045154576655477285
52.0,-279.0777559400001,345,27,88320,3226,0.0003,1184.0540710449218,0.2,0.008278163,-1.0662671998143196,2.384185791015625e-07,556.325927734375,0.0390625,3440,-0.010990094975568354
52.0,-280.11055943,346,27,88576,3227,0.0003,557.128059387207,0.2,0.011754901,-1.0594139277935029,-1.9073486328125e-06,303.9156188964844,0.08984375,3450,-0.015550016658380628
52.0,-281.48016023,347,27,88832,3227,0.0003,1635.6695999145509,0.2,0.0015178309,-1.067396342754364,-2.9802322387695312e-06,1028.6080322265625,0.01796875,3460,-0.005248495121486485
52.0,-281.88577540000006,348,27,89088,3227,0.0003,2699.1357391357424,0.2,0.004641426,-1.1435424625873565,-2.384185791015625e-07,1473.0611572265625,0.034375,3470,-0.0056098370347172025
52.0,-286.85728401,349,27,89344,3227,0.0003,935.209733581543,0.2,0.003607431,-1.0968357086181642,-6.318092346191406e-06,502.4909973144531,0.059375,3480,-0.005420255265198648
52.0,-285.74858080000007,350,27,89600,3227,0.0003,4752.559704589844,0.2,0.004724996,-1.1918125778436661,-1.6689300537109375e-06,1974.337890625,0.066015625,3490,-0.011664600600488484
52.0,-281.5716001,351,27,89856,3227,0.0003,736.8548919677735,0.2,0.004996134,-1.173434630036354,-6.67572021484375e-06,368.3957214355469,0.03828125,3500,-0.007857120269909501
52.0,-280.49694316,352,27,90112,3227,0.0003,576.7732177734375,0.2,0.0069088433,-1.147592243552208,-3.5762786865234375e-07,301.2890930175781,0.028515625,3510,-0.01490777600556612
52.0,-280.50293318,353,27,90368,3227,0.0003,887.6046447753906,0.2,0.0064432817,-1.0593534648418426,-8.344650268554688e-07,389.4899597167969,0.06875,3520,-0.009555409639142453
52.0,-280.47705639000003,354,28,90624,3227,0.0003,1629.3068634033202,0.2,0.005236973,-1.0970136433839799,-1.7881393432617188e-06,623.401611328125,0.078125,3530,-0.011857286165468394
52.0,-280.79874051,355,28,90880,3228,0.0003,1442.6015167236328,0.2,0.0077369343,-1.0581616804003715,5.960464477539062e-07,693.5005493164062,0.11640625,3540,-0.010554447630420327
52.0,-279.60650929999997,356,28,91136,3228,0.0003,1199.7315116882323,0.2,0.005856651,-1.071811817586422,5.960464477539062e-07,455.92626953125,0.01640625,3550,-0.005206245603039861
52.0,-282.39549547999997,357,28,91392,3228,0.0003,485.30698852539064,0.2,0.006481014,-0.9991734594106674,2.1457672119140625e-06,231.1565399169922,0.166796875,3560,-0.01813732597511262
52.0,-290.58572962,358,28,91648,3228,0.0003,9183.161340332032,0.2,0.01374656,-1.096856850385666,-3.5762786865234375e-06,5143.70849609375,0.09296875,3570,-0.012745046406053007
52.0,-286.14993698999996,359,28,91904,3228,0.0003,7447.509918212891,0.2,0.0081002135,-1.125479558110237,-2.384185791015625e-07,3909.64111328125,0.08046875,3580,-0.011191076994873584
52.0,-284.53607576999997,360,28,92160,3228,0.0003,633.2766708374023,0.2,0.0043112244,-1.1149554193019866,-3.933906555175781e-06,264.4845275878906,0.030078125,3590,-0.00772205744870007
52.0,-285.52861199,361,28,92416,3228,0.0003,850.9164764404297,0.2,0.005149436,-1.1411245673894883,-2.384185791015625e-06,504.4391174316406,0.038671875,3600,-0.005303153488785029
52.0,-284.16043589,362,28,92672,3228,0.0003,1189.490478515625,0.2,0.0026913378,-1.098333701491356,-1.4066696166992188e-05,484.513671875,0.012890625,3610,-0.007045957935042679
52.0,-287.83564263,363,28,92928,3228,0.0003,768.9552337646485,0.2,0.0108998045,-1.0914836585521699,-5.960464477539062e-07,419.8594665527344,0.115234375,3620,-0.01624253613408655
52.0,-288.57028591,364,28,93184,3228,0.0003,3350.7985107421873,0.2,0.011119403,-1.160883477330208,-3.0994415283203125e-06,2068.021240234375,0.148046875,3630,-0.01600036513991654
52.0,-289.31880595999996,365,28,93440,3228,0.0003,1697.8029891967774,0.2,0.006608029,-1.085601583123207,1.1920928955078125e-07,801.3257446289062,0.053125,3640,-0.006375535065308214
52.0,-289.09232432,366,29,93696,3228,0.0003,762.9873123168945,0.2,0.0067284135,-1.0692117422819138,-5.960464477539062e-07,361.5124816894531,0.132421875,3650,-0.01630670812446624
52.0,-288.43102799999997,367,29,93952,3228,0.0003,1385.4981323242187,0.2,0.005517585,-1.1231433779001236,-9.5367431640625e-07,532.3406372070312,0.01796875,3660,-0.006320050591602922
52.0,-290.19606094,368,29,94208,3228,0.0003,797.7372329711914,0.2,0.0038347917,-1.0749669015407561,-1.1920928955078125e-07,377.92010498046875,0.0203125,3670,-0.005171279679052532
52.0,-285.53512427000004,369,29,94464,3228,0.0003,2727.082897949219,0.2,0.0072025005,-1.1304563194513322,-4.649162292480469e-06,1385.53662109375,0.051953125,3680,-0.012321171746589244
52.0,-285.66548882,370,29,94720,3228,0.0003,662.8447982788086,0.2,0.003063723,-1.07741077542305,-1.1920928955078125e-07,340.48724365234375,0.02734375,3690,-0.007459432876203209
52.0,-287.7840271,371,29,94976,3228,0.0003,582.491284942627,0.2,0.008053675,-1.0622006207704544,-5.960464477539062e-07,300.627197265625,0.07578125,3700,-0.012184967542998493
52.0,-288.93704290999995,372,29,95232,3229,0.0003,1678.9418197631835,0.2,0.0026919956,-1.035314217209816,1.1920928955078125e-07,842.3656005859375,0.05390625,3710,-0.006201236741617322
52.0,-287.2517909,373,29,95488,3229,0.0003,783.0268463134765,0.2,0.005589024,-1.0674686089158059,-3.5762786865234375e-07,397.3108215332031,0.031640625,3720,-0.008372695452999323
52.0,-286.69375657999996,374,29,95744,3229,0.0003,617.6481307983398,0.2,0.008815525,-1.0350677087903022,-3.5762786865234375e-07,275.28509521484375,0.076171875,3730,-0.011448983172886073
52.0,-284.71731907,375,29,96000,3229,0.0003,948.691616821289,0.2,0.0021925692,-1.1267435282468796,0.0,379.5486755371094,0.00390625,3740,-0.003954458865337074
52.0,-286.59599418,376,29,96256,3229,0.0003,486.13207244873047,0.2,0.006715162,-1.042542001605034,-7.152557373046875e-07,254.63851928710938,0.0765625,3750,-0.01675584502518177
52.0,-281.74918393,377,29,96512,3229,0.0003,1354.0364135742188,0.2,0.0015703503,-1.110635569691658,4.172325134277344e-07,652.0109252929688,0.02890625,3760,-0.008281967602670193
52.0,-278.51361025,378,29,96768,3229,0.0003,859.5512084960938,0.2,0.0027762447,-0.9951834172010422,-1.1920928955078125e-07,484.177734375,0.030078125,3770,-0.006198782380670309
52.0,-276.08375089000003,379,30,97024,3229,0.0003,1040.0844635009767,0.2,0.005198812,-1.0045944616198539,3.5762786865234375e-07,689.4684448242188,0.012890625,3780,-0.008372363890521229
52.0,-276.31845388,380,30,97280,3229,0.0003,1714.4963134765626,0.2,0.006540373,-1.0408198684453964,-4.76837158203125e-07,1111.7117919921875,0.078125,3790,-0.010727436654269696
52.0,-274.48497838,381,30,97536,3229,0.0003,578.5373977661133,0.2,0.00816236,-0.9462026938796043,3.5762786865234375e-07,284.46820068359375,0.102734375,3800,-0.012636014819145202
52.0,-274.24824960999996,382,30,97792,3229,0.0003,1060.8158081054687,0.2,0.0063318554,-0.9680856674909591,-9.5367431640625e-07,361.7106018066406,0.02421875,3810,-0.012735052272910252
52.0,-269.61774376,383,30,98048,3229,0.0003,409.1130874633789,0.2,0.0063542994,-0.9730677798390388,5.364418029785156e-07,182.00067138671875,0.100390625,3820,-0.010529263596981763
52.0,-271.41552455,384,30,98304,3229,0.0003,321.33676681518557,0.2,0.014455659,-0.9143508151173592,2.6226043701171875e-06,141.39801025390625,0.195703125,3830,-0.026677825953811407
52.0,-271.00988495999997,385,30,98560,3229,0.0003,3367.52001953125,0.2,0.006438541,-1.087668639421463,-1.3113021850585938e-06,1673.3843994140625,0.07890625,3840,-0.013980228290893137
52.0,-272.35959590000004,386,30,98816,3229,0.0003,1926.0282119750977,0.2,0.009356809,-1.0039839759469031,2.384185791015625e-07,821.4612426757812,0.040234375,3850,-0.010670533333905042
52.0,-272.45465858000006,387,30,99072,3229,0.0003,687.3772628784179,0.2,0.0027563875,-1.0432940021157264,2.384185791015625e-07,242.48895263671875,0.024609375,3860,-0.004141744575463235
52.0,-269.24358301,388,30,99328,3229,0.0003,2142.9828964233398,0.2,0.006051927,-1.058888903260231,-3.5762786865234375e-07,897.6206665039062,0.051171875,3870,-0.007253484451211989
52.0,-269.10863422000006,389,30,99584,3229,0.0003,582.093228149414,0.2,0.003124499,-1.0456427544355393,-1.7881393432617188e-06,263.0061950683594,0.019140625,3880,-0.006027209502644837
52.0,-268.23502195000003,390,30,99840,3229,0.0003,558.0412902832031,0.2,0.0092106145,-0.9073927134275437,2.384185791015625e-07,279.67071533203125,0.137890625,3890,-0.016287020803429187
52.0,-267.14594173999996,391,30,100096,3229,0.0003,400.7899459838867,0.2,0.008364819,-0.948099271953106,7.748603820800781e-07,167.19862365722656,0.09140625,3900,-0.013176655932329594
