rollout/ep_rew_mean,time/total_timesteps,train/learning_rate,train/loss,time/episodes,train/n_updates,rollout/exploration_rate,rollout/ep_len_mean,time/time_elapsed,time/fps
-344.3882915,208,0.001,5.106631755828857,4,26,0.9901200000000001,52.0,0,2987
-327.85758987500003,416,0.001,2.638747215270996,8,78,0.9802399999999998,52.0,0,3230
-316.22102825,624,0.001,0.1910526156425476,12,130,0.9703599999999999,52.0,0,3644
-318.676265125,832,0.001,0.6525970101356506,16,182,0.96048,52.0,0,3904
-313.48474980000003,1040,0.001,2.001133918762207,20,234,0.9506000000000001,52.0,0,4099
-341.1482450416667,1248,0.001,0.3750070333480835,24,286,0.9407199999999998,52.0,0,4230
-333.4301651071429,1456,0.001,2.6866893768310547,28,338,0.9308399999999999,52.0,0,4331
-332.84993959375004,1664,0.001,0.3085801899433136,32,390,0.92096,52.0,0,4405
-327.82287472222225,1872,0.001,1.259602427482605,36,442,0.9110800000000002,52.0,0,4471
-336.875786575,2080,0.001,1.3611245155334473,40,494,0.9011999999999998,52.0,0,4528
-340.53413759090904,2288,0.001,2.897815227508545,44,546,0.89132,52.0,0,4560
-346.8425290833334,2496,0.001,1.6163372993469238,48,598,0.8814400000000001,52.0,0,4593
-342.8736293461539,2704,0.001,0.5423589944839478,52,650,0.8715600000000002,52.0,0,4623
-338.47981180357147,2912,0.001,1.077942132949829,56,702,0.8616799999999998,52.0,0,4650
-370.62710315000004,3120,0.001,9.201262474060059,60,754,0.8518,52.0,0,4674
-375.525886015625,3328,0.001,0.6660085916519165,64,806,0.8419200000000001,52.0,0,4688
-392.96850624999996,3536,0.001,1.8137500286102295,68,858,0.8320399999999998,52.0,0,4705
-435.31705456944445,3744,0.001,1.4592714309692383,72,910,0.8221599999999999,52.0,0,4720
-427.9010509342105,3952,0.001,4.712418079376221,76,962,0.81228,52.0,0,4731
-451.8858695375,4160,0.001,2.4561426639556885,80,1014,0.8024000000000001,52.0,0,4739
-450.3587914404761,4368,0.001,1.1302005052566528,84,1066,0.7925200000000003,52.0,0,4750
-448.2280849318182,4576,0.001,1.5387541055679321,88,1118,0.7826399999999999,52.0,0,4752
-467.641004,4784,0.001,5.462713718414307,92,1170,0.7727600000000001,52.0,1,4762
-465.7820281145834,4992,0.001,8.06624984741211,96,1222,0.7628800000000002,52.0,1,4763
-490.62005424,5200,0.001,12.094561576843262,100,1274,0.7529999999999998,52.0,1,4767
-501.6796863,5408,0.001,5.388927936553955,104,1326,0.74312,52.0,1,4770
-525.25801806,5616,0.001,7.445261001586914,108,1378,0.7332400000000001,52.0,1,4771
-536.38027816,5824,0.001,11.600119590759277,112,1430,0.7233600000000002,52.0,1,4771
-566.15428822,6032,0.001,5.564644813537598,116,1482,0.7134799999999999,52.0,1,4770
-586.1612645800001,6240,0.001,7.855997085571289,120,1534,0.7036,52.0,1,4770
-603.9576832700001,6448,0.001,13.339807510375977,124,1586,0.6937200000000001,52.0,1,4773
-637.30410541,6656,0.001,10.796355247497559,128,1638,0.6838400000000002,52.0,1,4769
-646.9805900399999,6864,0.001,4.662383079528809,132,1690,0.6739599999999999,52.0,1,4767
-674.1613423099999,7072,0.001,8.091230392456055,136,1742,0.66408,52.0,1,4765
-715.18276504,7280,0.001,9.130443572998047,140,1794,0.6542000000000001,52.0,1,4766
-736.5250123999999,7488,0.001,1.7927300930023193,144,1846,0.6443199999999998,52.0,1,4766
-751.1721883799999,7696,0.001,3.2512283325195312,148,1898,0.6344399999999999,52.0,1,4763
-769.8532520800001,7904,0.001,10.014503479003906,152,1950,0.62456,52.0,1,4766
-802.2989760699999,8112,0.001,21.225074768066406,156,2002,0.6146800000000001,52.0,1,4763
-831.42585602,8320,0.001,10.598356246948242,160,2054,0.6048000000000002,52.0,1,4764
-878.1024571800001,8528,0.001,2.2376580238342285,164,2106,0.5949199999999999,52.0,1,4762
-944.7976177400001,8736,0.001,13.520776748657227,168,2158,0.58504,52.0,1,4762
-913.7589088200001,8944,0.001,9.10194206237793,172,2210,0.5751600000000002,52.0,1,4762
-934.44863056,9152,0.001,8.04163932800293,176,2262,0.5652799999999998,52.0,1,4761
-973.2680531400001,9360,0.001,10.67778205871582,180,2314,0.5553999999999999,52.0,1,4758
-1021.18625183,9568,0.001,11.269624710083008,184,2366,0.5455200000000001,52.0,2,4756
-1056.1476656799998,9776,0.001,15.049945831298828,188,2418,0.5356400000000002,52.0,2,4755
-1076.4951563700001,9984,0.001,10.914353370666504,192,2470,0.5257599999999999,52.0,2,4754
-1093.0133583,10192,0.001,14.775674819946289,196,2522,0.51588,52.0,2,4751
-1100.73191168,10400,0.001,5.386768341064453,200,2574,0.5060000000000002,52.0,2,4748
-1090.65013627,10608,0.001,23.577281951904297,204,2626,0.49612000000000034,52.0,2,4745
-1072.98457152,10816,0.001,11.712080955505371,208,2678,0.4862399999999999,52.0,2,4740
-1079.7789522600003,11024,0.001,11.41697883605957,212,2730,0.47636,52.0,2,4735
-1054.1986586100002,11232,0.001,10.949373245239258,216,2782,0.46648000000000023,52.0,2,4734
-1037.5292584500003,11440,0.001,14.021547317504883,220,2834,0.4565999999999998,52.0,2,4730
-1022.8330667999998,11648,0.001,11.516075134277344,224,2886,0.4467199999999999,52.0,2,4727
-994.71351738,11856,0.001,10.382824897766113,228,2938,0.43684,52.0,2,4711
-985.9991635700001,12064,0.001,11.761520385742188,232,2990,0.42696000000000023,52.0,2,4701
-958.83234352,12272,0.001,16.323450088500977,236,3042,0.41708000000000034,52.0,2,4689
-925.37629644,12480,0.001,13.798135757446289,240,3094,0.4072,52.0,2,4679
-906.56008178,12688,0.001,11.20926570892334,244,3146,0.3973200000000001,52.0,2,4666
-886.5427384400001,12896,0.001,9.670928001403809,248,3198,0.38744000000000023,52.0,2,4654
-866.5596139300001,13104,0.001,24.837541580200195,252,3250,0.3775599999999998,52.0,2,4649
-833.92760754,13312,0.001,17.32003402709961,256,3302,0.3676799999999999,52.0,2,4646
-784.8807359100001,13520,0.001,14.761367797851562,260,3354,0.35780000000000023,52.0,2,4627
-730.43009658,13728,0.001,14.162580490112305,264,3406,0.3479199999999998,52.0,2,4613
-647.7000475799999,13936,0.001,8.977638244628906,268,3458,0.3380399999999999,52.0,3,4600
-646.38135954,14144,0.001,6.208796977996826,272,3510,0.32816,52.0,3,4585
-626.8303679800001,14352,0.001,11.30085277557373,276,3562,0.31828000000000023,52.0,3,4579
-567.46044311,14560,0.001,16.056589126586914,280,3614,0.30840000000000034,52.0,3,4572
-514.4534426499999,14768,0.001,12.037327766418457,284,3666,0.2985199999999999,52.0,3,4568
-474.6511322,14976,0.001,15.274099349975586,288,3718,0.28864,52.0,3,4568
-430.84333489999995,15184,0.001,11.775487899780273,292,3770,0.27876000000000023,52.0,3,4567
-417.32944827999995,15392,0.001,9.471563339233398,296,3822,0.2688799999999998,52.0,3,4565
-376.66749308,15600,0.001,17.695798873901367,300,3874,0.2589999999999999,52.0,3,4564
-373.33211482999997,15808,0.001,6.2899980545043945,304,3926,0.24912,52.0,3,4563
-365.22808883000005,16016,0.001,14.663938522338867,308,3978,0.23924000000000023,52.0,3,4562
-348.21890046,16224,0.001,10.136113166809082,312,4030,0.22936000000000034,52.0,3,4561
-342.87071991000005,16432,0.001,12.46270751953125,316,4082,0.2194799999999999,52.0,3,4559
-340.07501999,16640,0.001,6.943215370178223,320,4134,0.2096,52.0,3,4558
-333.00846408999996,16848,0.001,6.309713363647461,324,4186,0.19972000000000034,52.0,3,4557
-326.43168177,17056,0.001,12.662958145141602,328,4238,0.1898399999999999,52.0,3,4555
-329.93307159000005,17264,0.001,7.121032238006592,332,4290,0.17996,52.0,3,4554
-328.9077912,17472,0.001,3.992119312286377,336,4342,0.17008000000000012,52.0,3,4550
-314.91690299,17680,0.001,4.337522029876709,340,4394,0.1601999999999998,52.0,3,4548
-307.18393416,17888,0.001,10.13304615020752,344,4446,0.1503199999999999,52.0,3,4545
-305.92045661000003,18096,0.001,10.14023208618164,348,4498,0.14044,52.0,3,4543
-312.42210680000005,18304,0.001,18.845521926879883,352,4550,0.13056000000000012,52.0,4,4540
-311.11862541,18512,0.001,10.01860237121582,356,4602,0.12068000000000034,52.0,4,4537
-309.52544388999996,18720,0.001,6.399903774261475,360,4654,0.1107999999999999,52.0,4,4535
-309.42148721999996,18928,0.001,11.168577194213867,364,4706,0.10092000000000001,52.0,4,4532
-307.55811254,19136,0.001,10.000499725341797,368,4758,0.09104000000000023,52.0,4,4530
-303.66672421000004,19344,0.001,5.493101119995117,372,4810,0.08115999999999979,52.0,4,4527
-300.92597893,19552,0.001,10.931984901428223,376,4862,0.0712799999999999,52.0,4,4525
-297.57498057,19760,0.001,8.924554824829102,380,4914,0.06140000000000001,52.0,4,4522
-295.41341613000003,19968,0.001,7.312044620513916,384,4966,0.05152000000000034,52.0,4,4519
-300.47464367,20176,0.001,3.8192877769470215,388,5018,0.05,52.0,4,4516
-297.8069323,20384,0.001,5.877226829528809,392,5070,0.05,52.0,4,4514
-289.25937278,20592,0.001,9.50268268585205,396,5122,0.05,52.0,4,4511
-290.17587428,20800,0.001,12.712249755859375,400,5174,0.05,52.0,4,4509
-295.14979638999995,21008,0.001,10.205041885375977,404,5226,0.05,52.0,4,4506
-295.06747657999995,21216,0.001,10.62639331817627,408,5278,0.05,52.0,4,4503
-291.41216707,21424,0.001,7.7415924072265625,412,5330,0.05,52.0,4,4501
-290.05285262999996,21632,0.001,5.722277641296387,416,5382,0.05,52.0,4,4498
-289.78735171,21840,0.001,6.41066837310791,420,5434,0.05,52.0,4,4496
-285.0611903,22048,0.001,6.7515997886657715,424,5486,0.05,52.0,4,4493
-286.63155787,22256,0.001,4.910682678222656,428,5538,0.05,52.0,4,4491
-279.11379716,22464,0.001,6.12287712097168,432,5590,0.05,52.0,5,4489
-280.19324937,22672,0.001,9.368663787841797,436,5642,0.05,52.0,5,4486
-279.89493353,22880,0.001,10.822790145874023,440,5694,0.05,52.0,5,4484
-282.49498342,23088,0.001,6.628252983093262,444,5746,0.05,52.0,5,4482
-281.1021687,23296,0.001,3.441164493560791,448,5798,0.05,52.0,5,4480
-280.91045708999997,23504,0.001,6.461123466491699,452,5850,0.05,52.0,5,4478
-282.97607981,23712,0.001,4.47713565826416,456,5902,0.05,52.0,5,4476
-285.41826075000006,23920,0.001,9.53742504119873,460,5954,0.05,52.0,5,4474
-285.68488586999996,24128,0.001,7.98896598815918,464,6006,0.05,52.0,5,4472
-291.06685007,24336,0.001,5.20476770401001,468,6058,0.05,52.0,5,4470
-290.97275195000003,24544,0.001,11.429404258728027,472,6110,0.05,52.0,5,4468
-292.76489867,24752,0.001,9.915821075439453,476,6162,0.05,52.0,5,4467
-304.38271069,24960,0.001,9.881957054138184,480,6214,0.05,52.0,5,4465
-319.73163065,25168,0.001,8.862746238708496,484,6266,0.05,52.0,5,4462
-318.51867719999996,25376,0.001,4.9989118576049805,488,6318,0.05,52.0,5,4460
-322.70684809,25584,0.001,3.1028330326080322,492,6370,0.05,52.0,5,4459
-324.30387588,25792,0.001,5.551047325134277,496,6422,0.05,52.0,5,4457
-322.50142477,26000,0.001,7.133065223693848,500,6474,0.05,52.0,5,4455
-316.70231382000003,26208,0.001,8.649360656738281,504,6526,0.05,52.0,5,4454
-324.70865268,26416,0.001,10.551345825195312,508,6578,0.05,52.0,5,4453
-330.19617921000014,26624,0.001,15.879019737243652,512,6630,0.05,52.0,5,4452
-334.19108788000005,26832,0.001,9.823420524597168,516,6682,0.05,52.0,6,4450
-336.84889598000007,27040,0.001,4.011636734008789,520,6734,0.05,52.0,6,4448
-339.52561158000003,27248,0.001,7.087983131408691,524,6786,0.05,52.0,6,4447
-341.2125969400001,27456,0.001,7.327754497528076,528,6838,0.05,52.0,6,4445
-346.88415715,27664,0.001,9.90149211883545,532,6890,0.05,52.0,6,4444
-347.53233091999994,27872,0.001,6.217390060424805,536,6942,0.05,52.0,6,4442
-362.91202223,28080,0.001,7.246569633483887,540,6994,0.05,52.0,6,4441
-364.42068242,28288,0.001,11.71794319152832,544,7046,0.05,52.0,6,4439
-373.85190916,28496,0.001,8.19205379486084,548,7098,0.05,52.0,6,4438
-369.28895907,28704,0.001,9.105918884277344,552,7150,0.05,52.0,6,4437
-376.75820240999997,28912,0.001,10.165105819702148,556,7202,0.05,52.0,6,4435
-382.00614803999997,29120,0.001,5.81793737411499,560,7254,0.05,52.0,6,4434
-398.22920423999994,29328,0.001,4.427031517028809,564,7306,0.05,52.0,6,4433
-409.0419403799999,29536,0.001,7.342427730560303,568,7358,0.05,52.0,6,4431
-414.03203824999997,29744,0.001,7.111237525939941,572,7410,0.05,52.0,6,4430
-433.30577588,29952,0.001,6.3161187171936035,576,7462,0.05,52.0,6,4429
-432.01799563000003,30160,0.001,3.4217031002044678,580,7514,0.05,52.0,6,4428
-432.3825130199999,30368,0.001,5.138680458068848,584,7566,0.05,52.0,6,4426
-428.39579562000006,30576,0.001,12.279900550842285,588,7618,0.05,52.0,6,4425
-430.63797815,30784,0.001,9.646025657653809,592,7670,0.05,52.0,6,4424
-430.75461211999993,30992,0.001,6.95510721206665,596,7722,0.05,52.0,7,4423
-438.22191822,31200,0.001,5.677507400512695,600,7774,0.05,52.0,7,4421
-437.06012692999997,31408,0.001,2.7852721214294434,604,7826,0.05,52.0,7,4420
-430.88398022,31616,0.001,2.7248644828796387,608,7878,0.05,52.0,7,4419
-437.47336051999997,31824,0.001,5.625411033630371,612,7930,0.05,52.0,7,4418
-438.4301035800001,32032,0.001,13.948488235473633,616,7982,0.05,52.0,7,4417
-440.72016247999994,32240,0.001,4.823493957519531,620,8034,0.05,52.0,7,4416
-443.62762927000006,32448,0.001,9.536718368530273,624,8086,0.05,52.0,7,4415
-448.44124881000005,32656,0.001,7.090537071228027,628,8138,0.05,52.0,7,4413
-454.2422393400001,32864,0.001,5.552933692932129,632,8190,0.05,52.0,7,4413
-456.55352186000005,33072,0.001,6.549252986907959,636,8242,0.05,52.0,7,4412
-452.25436556999995,33280,0.001,4.0062432289123535,640,8294,0.05,52.0,7,4411
-452.3791619199999,33488,0.001,2.588395595550537,644,8346,0.05,52.0,7,4410
-447.36132604000005,33696,0.001,2.3800830841064453,648,8398,0.05,52.0,7,4408
-457.3960512599999,33904,0.001,6.706905841827393,652,8450,0.05,52.0,7,4407
-463.04630962000005,34112,0.001,9.628877639770508,656,8502,0.05,52.0,7,4407
-465.41672124,34320,0.001,7.687469959259033,660,8554,0.05,52.0,7,4405
-456.7904281500001,34528,0.001,11.98384952545166,664,8606,0.05,52.0,7,4405
-456.70850279,34736,0.001,7.355952739715576,668,8658,0.05,52.0,7,4403
-452.7995078300001,34944,0.001,2.2838797569274902,672,8710,0.05,52.0,7,4403
-440.7502739799999,35152,0.001,8.734647750854492,676,8762,0.05,52.0,8,4393
-435.8580596199999,35360,0.001,4.03070592880249,680,8814,0.05,52.0,8,4390
-424.0122449100001,35568,0.001,4.309718608856201,684,8866,0.05,52.0,8,4390
-424.54513115000003,35776,0.001,5.402694225311279,688,8918,0.05,52.0,8,4389
-435.67468851999996,35984,0.001,3.39030385017395,692,8970,0.05,52.0,8,4386
-441.3515793700001,36192,0.001,7.493204116821289,696,9022,0.05,52.0,8,4385
-449.92556995000007,36400,0.001,8.8673095703125,700,9074,0.05,52.0,8,4384
-464.06341497999995,36608,0.001,3.6854474544525146,704,9126,0.05,52.0,8,4384
-471.03599653,36816,0.001,3.724551200866699,708,9178,0.05,52.0,8,4383
-464.6247117,37024,0.001,6.215999603271484,712,9230,0.05,52.0,8,4382
-469.9600470700001,37232,0.001,2.9493985176086426,716,9282,0.05,52.0,8,4382
-474.15337308999995,37440,0.001,4.330503463745117,720,9334,0.05,52.0,8,4381
-475.70034754,37648,0.001,4.469990253448486,724,9386,0.05,52.0,8,4380
-487.10560705999995,37856,0.001,5.151620864868164,728,9438,0.05,52.0,8,4379
-479.98091713,38064,0.001,9.192593574523926,732,9490,0.05,52.0,8,4379
-494.80883121000005,38272,0.001,4.695211887359619,736,9542,0.05,52.0,8,4378
-490.26502792000014,38480,0.001,5.557082653045654,740,9594,0.05,52.0,8,4377
-490.9529161600001,38688,0.001,10.408706665039062,744,9646,0.05,52.0,8,4376
-501.05298504,38896,0.001,5.255557060241699,748,9698,0.05,52.0,8,4376
-511.9807564799999,39104,0.001,3.868649959564209,752,9750,0.05,52.0,8,4375
-504.01397141999985,39312,0.001,10.10207748413086,756,9802,0.05,52.0,8,4374
-515.69769798,39520,0.001,7.631047248840332,760,9854,0.05,52.0,9,4374
-512.15621205,39728,0.001,5.892955780029297,764,9906,0.05,52.0,9,4373
-510.97096596000006,39936,0.001,8.360770225524902,768,9958,0.05,52.0,9,4372
-523.03284766,40144,0.001,4.486637115478516,772,10010,0.05,52.0,9,4372
-526.65102357,40352,0.001,4.080663681030273,776,10062,0.05,52.0,9,4371
-522.00286118,40560,0.001,2.432065486907959,780,10114,0.05,52.0,9,4371
-541.61636254,40768,0.001,3.541839361190796,784,10166,0.05,52.0,9,4370
-553.1417365099999,40976,0.001,6.468784809112549,788,10218,0.05,52.0,9,4369
-542.7747197000001,41184,0.001,13.78209400177002,792,10270,0.05,52.0,9,4369
-542.41877082,41392,0.001,8.729219436645508,796,10322,0.05,52.0,9,4368
-538.88932109,41600,0.001,8.199828147888184,800,10374,0.05,52.0,9,4367
-530.6387964300001,41808,0.001,3.970524787902832,804,10426,0.05,52.0,9,4367
-525.7903999600001,42016,0.001,14.36911678314209,808,10478,0.05,52.0,9,4366
-530.73308647,42224,0.001,4.218358039855957,812,10530,0.05,52.0,9,4366
-527.33125272,42432,0.001,4.254937648773193,816,10582,0.05,52.0,9,4365
-519.66252047,42640,0.001,7.438366889953613,820,10634,0.05,52.0,9,4365
-517.6736981500001,42848,0.001,2.585108757019043,824,10686,0.05,52.0,9,4364
-504.76375964999994,43056,0.001,3.115204334259033,828,10738,0.05,52.0,9,4364
-503.00368807,43264,0.001,10.59208869934082,832,10790,0.05,52.0,9,4363
-488.04702382999994,43472,0.001,7.3798604011535645,836,10842,0.05,52.0,9,4363
-499.87715739,43680,0.001,11.845452308654785,840,10894,0.05,52.0,10,4362
-501.4741267099999,43888,0.001,3.4065299034118652,844,10946,0.05,52.0,10,4362
-500.36891153,44096,0.001,9.574434280395508,848,10998,0.05,52.0,10,4361
-485.60675993000007,44304,0.001,4.5099263191223145,852,11050,0.05,52.0,10,4360
-506.2900755699999,44512,0.001,7.732488632202148,856,11102,0.05,52.0,10,4360
-501.80939599,44720,0.001,6.362116813659668,860,11154,0.05,52.0,10,4359
-505.55800148000003,44928,0.001,8.760025978088379,864,11206,0.05,52.0,10,4359
-498.21490794000005,45136,0.001,3.277643918991089,868,11258,0.05,52.0,10,4358
-490.72963382,45344,0.001,4.314354419708252,872,11310,0.05,52.0,10,4358
-491.1008455,45552,0.001,7.154644966125488,876,11362,0.05,52.0,10,4358
-498.52670152999997,45760,0.001,3.5368876457214355,880,11414,0.05,52.0,10,4357
-479.92028571000003,45968,0.001,3.782681941986084,884,11466,0.05,52.0,10,4357
-476.25155874000006,46176,0.001,16.166378021240234,888,11518,0.05,52.0,10,4356
-488.49965171,46384,0.001,10.013975143432617,892,11570,0.05,52.0,10,4356
-491.53039727000004,46592,0.001,7.033835411071777,896,11622,0.05,52.0,10,4355
-490.6923585800001,46800,0.001,9.438800811767578,900,11674,0.05,52.0,10,4355
-491.61221801,47008,0.001,7.5200419425964355,904,11726,0.05,52.0,10,4354
-495.86615245,47216,0.001,3.8156304359436035,908,11778,0.05,52.0,10,4354
-495.15599835,47424,0.001,7.068887710571289,912,11830,0.05,52.0,10,4353
-498.67055954999995,47632,0.001,6.605445384979248,916,11882,0.05,52.0,10,4353
-500.86416517,47840,0.001,2.9946482181549072,920,11934,0.05,52.0,10,4352
-505.89210936999996,48048,0.001,10.4196138381958,924,11986,0.05,52.0,11,4352
-502.40900673,48256,0.001,7.750958442687988,928,12038,0.05,52.0,11,4351
-512.9606741599999,48464,0.001,10.689337730407715,932,12090,0.05,52.0,11,4351
-513.95520175,48672,0.001,3.7742221355438232,936,12142,0.05,52.0,11,4350
-510.89037208999997,48880,0.001,9.076308250427246,940,12194,0.05,52.0,11,4350
-520.96699647,49088,0.001,12.27885627746582,944,12246,0.05,52.0,11,4350
-512.75538669,49296,0.001,9.976296424865723,948,12298,0.05,52.0,11,4349
-513.6718104000001,49504,0.001,5.675420761108398,952,12350,0.05,52.0,11,4349
-497.17444451000006,49712,0.001,12.766874313354492,956,12402,0.05,52.0,11,4348
-488.05403609,49920,0.001,9.311037063598633,960,12454,0.05,52.0,11,4348
-492.98017952000004,50128,0.001,3.526543378829956,964,12506,0.05,52.0,11,4348
-497.10898559000003,50336,0.001,6.297380447387695,968,12558,0.05,52.0,11,4347
-499.08200333999986,50544,0.001,12.62024974822998,972,12610,0.05,52.0,11,4347
-496.6914814199999,50752,0.001,8.555715560913086,976,12662,0.05,52.0,11,4347
-494.79994232999996,50960,0.001,9.415331840515137,980,12714,0.05,52.0,11,4346
-514.05111477,51168,0.001,6.040380954742432,984,12766,0.05,52.0,11,4346
-515.9717578200001,51376,0.001,10.74295425415039,988,12818,0.05,52.0,11,4346
-502.92331101000013,51584,0.001,5.72335147857666,992,12870,0.05,52.0,11,4345
-498.5943212199999,51792,0.001,5.746100902557373,996,12922,0.05,52.0,11,4345
-505.77526778,52000,0.001,4.367018699645996,1000,12974,0.05,52.0,11,4345
-517.3598529299999,52208,0.001,8.835040092468262,1004,13026,0.05,52.0,12,4344
-516.42257714,52416,0.001,8.076425552368164,1008,13078,0.05,52.0,12,4344
-511.9573800200001,52624,0.001,10.379566192626953,1012,13130,0.05,52.0,12,4343
-504.2754718600001,52832,0.001,3.9692420959472656,1016,13182,0.05,52.0,12,4343
-502.9786365900002,53040,0.001,7.355364799499512,1020,13234,0.05,52.0,12,4343
-500.77357824,53248,0.001,9.05693244934082,1024,13286,0.05,52.0,12,4342
-511.23782434000003,53456,0.001,2.2392630577087402,1028,13338,0.05,52.0,12,4342
-508.8774495,53664,0.001,7.53836727142334,1032,13390,0.05,52.0,12,4342
-504.90430256,53872,0.001,9.96229362487793,1036,13442,0.05,52.0,12,4341
-505.47644180000003,54080,0.001,6.446723937988281,1040,13494,0.05,52.0,12,4341
-489.78033502000005,54288,0.001,4.830661296844482,1044,13546,0.05,52.0,12,4340
-487.51623577000015,54496,0.001,8.478408813476562,1048,13598,0.05,52.0,12,4340
-487.0118782100001,54704,0.001,12.212493896484375,1052,13650,0.05,52.0,12,4340
-483.65320252,54912,0.001,6.537710189819336,1056,13702,0.05,52.0,12,4339
-489.86645676999984,55120,0.001,6.697839736938477,1060,13754,0.05,52.0,12,4339
-480.3585915799998,55328,0.001,6.172750949859619,1064,13806,0.05,52.0,12,4339
-476.88760408999997,55536,0.001,8.023975372314453,1068,13858,0.05,52.0,12,4338
-482.17308330999987,55744,0.001,4.824809551239014,1072,13910,0.05,52.0,12,4338
-492.96959742000007,55952,0.001,6.062558174133301,1076,13962,0.05,52.0,12,4338
-494.68863555999997,56160,0.001,5.1699442863464355,1080,14014,0.05,52.0,12,4338
-489.44583788999995,56368,0.001,11.914636611938477,1084,14066,0.05,52.0,12,4337
-493.64086391000006,56576,0.001,8.421854972839355,1088,14118,0.05,52.0,13,4337
-495.58162399,56784,0.001,7.45621395111084,1092,14170,0.05,52.0,13,4337
-497.96933085999996,56992,0.001,3.9592537879943848,1096,14222,0.05,52.0,13,4335
-496.31996373999993,57200,0.001,5.56630802154541,1100,14274,0.05,52.0,13,4324
-489.58927284000004,57408,0.001,9.605561256408691,1104,14326,0.05,52.0,13,4321
-486.16069706999997,57616,0.001,5.768038749694824,1108,14378,0.05,52.0,13,4318
-493.23303787,57824,0.001,7.154984951019287,1112,14430,0.05,52.0,13,4318
-497.73067180000004,58032,0.001,6.8468427658081055,1116,14482,0.05,52.0,13,4318
-492.65222816999994,58240,0.001,6.337095260620117,1120,14534,0.05,52.0,13,4318
-484.20046506000006,58448,0.001,9.473611831665039,1124,14586,0.05,52.0,13,4317
-474.30050205,58656,0.001,7.858332633972168,1128,14638,0.05,52.0,13,4317
-469.59135476999995,58864,0.001,4.206859588623047,1132,14690,0.05,52.0,13,4317
-474.90950852000003,59072,0.001,6.63255500793457,1136,14742,0.05,52.0,13,4317
-470.73014346,59280,0.001,5.744382858276367,1140,14794,0.05,52.0,13,4316
-481.93102078000004,59488,0.001,9.928101539611816,1144,14846,0.05,52.0,13,4316
-483.54932780999997,59696,0.001,9.067909240722656,1148,14898,0.05,52.0,13,4316
-485.97807716000005,59904,0.001,6.071779727935791,1152,14950,0.05,52.0,13,4316
-486.62019145000005,60112,0.001,2.74454665184021,1156,15002,0.05,52.0,13,4315
-479.66204813999997,60320,0.001,2.9362454414367676,1160,15054,0.05,52.0,13,4315
-485.05185104,60528,0.001,7.2723236083984375,1164,15106,0.05,52.0,14,4315
-479.67821425,60736,0.001,6.131283283233643,1168,15158,0.05,52.0,14,4315
-471.01704276,60944,0.001,4.722165584564209,1172,15210,0.05,52.0,14,4315
-455.63170391000006,61152,0.001,4.502751350402832,1176,15262,0.05,52.0,14,4315
-453.18706689,61360,0.001,8.969901084899902,1180,15314,0.05,52.0,14,4314
-438.85656159999996,61568,0.001,4.649580001831055,1184,15366,0.05,52.0,14,4314
-425.9460851,61776,0.001,7.064675331115723,1188,15418,0.05,52.0,14,4314
-427.94077237000005,61984,0.001,6.737138271331787,1192,15470,0.05,52.0,14,4314
-425.7705028600001,62192,0.001,7.028804302215576,1196,15522,0.05,52.0,14,4314
-410.5132659399999,62400,0.001,4.4463934898376465,1200,15574,0.05,52.0,14,4314
-404.8410114400001,62608,0.001,8.770381927490234,1204,15626,0.05,52.0,14,4314
-409.1182756,62816,0.001,5.709070682525635,1208,15678,0.05,52.0,14,4313
-399.89218045999996,63024,0.001,6.316337585449219,1212,15730,0.05,52.0,14,4313
-401.4777460900001,63232,0.001,6.00711727142334,1216,15782,0.05,52.0,14,4313
-414.50147666000004,63440,0.001,9.689866065979004,1220,15834,0.05,52.0,14,4313
-418.42993634000004,63648,0.001,5.1448187828063965,1224,15886,0.05,52.0,14,4313
-427.63769655000004,63856,0.001,9.082103729248047,1228,15938,0.05,52.0,14,4313
-427.22889204,64064,0.001,11.26643180847168,1232,15990,0.05,52.0,14,4313
-423.47769935,64272,0.001,3.551046848297119,1236,16042,0.05,52.0,14,4312
-414.48184663,64480,0.001,8.10711669921875,1240,16094,0.05,52.0,14,4312
-413.69016902000004,64688,0.001,10.503398895263672,1244,16146,0.05,52.0,14,4312
-413.62923703,64896,0.001,4.566120147705078,1248,16198,0.05,52.0,15,4312
-402.93758414999996,65104,0.001,13.765646934509277,1252,16250,0.05,52.0,15,4312
-407.59840158,65312,0.001,6.662962913513184,1256,16302,0.05,52.0,15,4312
-412.70293369000007,65520,0.001,16.4750919342041,1260,16354,0.05,52.0,15,4311
-409.0392640299999,65728,0.001,7.494471073150635,1264,16406,0.05,52.0,15,4311
-410.35510922000003,65936,0.001,14.469291687011719,1268,16458,0.05,52.0,15,4311
-414.19652367000003,66144,0.001,7.7171735763549805,1272,16510,0.05,52.0,15,4311
-415.95004264999994,66352,0.001,8.446183204650879,1276,16562,0.05,52.0,15,4311
-408.99030517000006,66560,0.001,3.8676042556762695,1280,16614,0.05,52.0,15,4311
-406.49937568,66768,0.001,9.05734634399414,1284,16666,0.05,52.0,15,4310
-408.46624810000003,66976,0.001,7.024371147155762,1288,16718,0.05,52.0,15,4310
-409.18543133,67184,0.001,6.225969314575195,1292,16770,0.05,52.0,15,4310
-411.57733541999994,67392,0.001,6.478270530700684,1296,16822,0.05,52.0,15,4310
-422.9254575,67600,0.001,4.639805316925049,1300,16874,0.05,52.0,15,4310
-422.43982606000003,67808,0.001,4.127739906311035,1304,16926,0.05,52.0,15,4310
-426.6301530600001,68016,0.001,4.668334007263184,1308,16978,0.05,52.0,15,4309
-430.39250253,68224,0.001,4.1081647872924805,1312,17030,0.05,52.0,15,4309
-424.5498513200001,68432,0.001,6.029370307922363,1316,17082,0.05,52.0,15,4309
-415.3370807400001,68640,0.001,14.505565643310547,1320,17134,0.05,52.0,15,4309
-416.14452470000003,68848,0.001,13.622488975524902,1324,17186,0.05,52.0,15,4309
-410.18773922,69056,0.001,8.251607894897461,1328,17238,0.05,52.0,16,4308
-411.05309363,69264,0.001,4.2028279304504395,1332,17290,0.05,52.0,16,4308
-414.04046354999997,69472,0.001,4.6165690422058105,1336,17342,0.05,52.0,16,4308
-409.93875467,69680,0.001,6.980295181274414,1340,17394,0.05,52.0,16,4308
-396.20266657,69888,0.001,14.896469116210938,1344,17446,0.05,52.0,16,4308
-391.8259680599999,70096,0.001,8.964563369750977,1348,17498,0.05,52.0,16,4308
-396.25722141,70304,0.001,6.710453033447266,1352,17550,0.05,52.0,16,4307
-390.35110487,70512,0.001,5.7098388671875,1356,17602,0.05,52.0,16,4307
-382.75701135,70720,0.001,6.745345592498779,1360,17654,0.05,52.0,16,4307
-381.58294035,70928,0.001,6.938301086425781,1364,17706,0.05,52.0,16,4307
-376.89195760999996,71136,0.001,14.59061050415039,1368,17758,0.05,52.0,16,4307
-378.91676117,71344,0.001,4.170348644256592,1372,17810,0.05,52.0,16,4307
-373.61825109999995,71552,0.001,7.77051305770874,1376,17862,0.05,52.0,16,4307
-372.93993321,71760,0.001,7.331097602844238,1380,17914,0.05,52.0,16,4307
-377.3555551,71968,0.001,4.068425178527832,1384,17966,0.05,52.0,16,4307
-378.66005948000003,72176,0.001,10.249491691589355,1388,18018,0.05,52.0,16,4306
-372.1711373300001,72384,0.001,7.1907219886779785,1392,18070,0.05,52.0,16,4306
-366.09018371999997,72592,0.001,5.9412384033203125,1396,18122,0.05,52.0,16,4306
-352.9455846299999,72800,0.001,8.175943374633789,1400,18174,0.05,52.0,16,4306
-347.3293420299999,73008,0.001,10.541715621948242,1404,18226,0.05,52.0,16,4306
-338.42150762999995,73216,0.001,5.963316917419434,1408,18278,0.05,52.0,17,4306
-336.15993769,73424,0.001,5.715169906616211,1412,18330,0.05,52.0,17,4306
-334.48534841000003,73632,0.001,8.63078498840332,1416,18382,0.05,52.0,17,4306
-332.67959457000006,73840,0.001,9.059956550598145,1420,18434,0.05,52.0,17,4306
-326.19010557000007,74048,0.001,9.921199798583984,1424,18486,0.05,52.0,17,4306
-318.81184254,74256,0.001,9.023885726928711,1428,18538,0.05,52.0,17,4306
-316.705695,74464,0.001,14.659711837768555,1432,18590,0.05,52.0,17,4306
-315.86093417999996,74672,0.001,3.977092981338501,1436,18642,0.05,52.0,17,4305
-318.69051645,74880,0.001,5.564298152923584,1440,18694,0.05,52.0,17,4305
-325.85163431999996,75088,0.001,6.641697883605957,1444,18746,0.05,52.0,17,4305
-331.94736015,75296,0.001,7.2243194580078125,1448,18798,0.05,52.0,17,4305
-329.09455327999996,75504,0.001,12.455461502075195,1452,18850,0.05,52.0,17,4305
-322.96049157,75712,0.001,4.359034538269043,1456,18902,0.05,52.0,17,4305
-328.84707357,75920,0.001,11.086771011352539,1460,18954,0.05,52.0,17,4305
-328.25179435999996,76128,0.001,11.393309593200684,1464,19006,0.05,52.0,17,4305
-331.92237891999997,76336,0.001,8.9602689743042,1468,19058,0.05,52.0,17,4305
-331.57383819999995,76544,0.001,8.47530460357666,1472,19110,0.05,52.0,17,4305
-328.41789021999995,76752,0.001,8.985404968261719,1476,19162,0.05,52.0,17,4305
-331.45822096000006,76960,0.001,7.438426971435547,1480,19214,0.05,52.0,17,4305
-333.56353448000004,77168,0.001,5.044662952423096,1484,19266,0.05,52.0,17,4305
-335.4580450899999,77376,0.001,10.163260459899902,1488,19318,0.05,52.0,17,4305
-335.90928865,77584,0.001,7.621938228607178,1492,19370,0.05,52.0,18,4304
-336.21324906000007,77792,0.001,9.026312828063965,1496,19422,0.05,52.0,18,4304
-349.69710756000006,78000,0.001,6.684569835662842,1500,19474,0.05,52.0,18,4304
-351.32530616,78208,0.001,8.477283477783203,1504,19526,0.05,52.0,18,4304
-347.66934831,78416,0.001,12.58220386505127,1508,19578,0.05,52.0,18,4303
-345.74526348,78624,0.001,8.227066040039062,1512,19630,0.05,52.0,18,4303
-345.22997351000004,78832,0.001,6.7882080078125,1516,19682,0.05,52.0,18,4303
-345.0052465400001,79040,0.001,5.208104133605957,1520,19734,0.05,52.0,18,4303
-349.4455324,79248,0.001,6.499360084533691,1524,19786,0.05,52.0,18,4303
-354.79658944999994,79456,0.001,6.893183708190918,1528,19838,0.05,52.0,18,4303
-354.76275906,79664,0.001,12.336910247802734,1532,19890,0.05,52.0,18,4303
-352.57196181,79872,0.001,6.286130905151367,1536,19942,0.05,52.0,18,4303
-355.55291902000005,80080,0.001,6.307019233703613,1540,19994,0.05,52.0,18,4303
-357.21663678000004,80288,0.001,8.337828636169434,1544,20046,0.05,52.0,18,4302
-356.5971052,80496,0.001,6.375890731811523,1548,20098,0.05,52.0,18,4302
-360.08707262,80704,0.001,7.4496965408325195,1552,20150,0.05,52.0,18,4302
-362.25570692,80912,0.001,5.062201023101807,1556,20202,0.05,52.0,18,4302
-353.28426858,81120,0.001,12.675108909606934,1560,20254,0.05,52.0,18,4302
-362.28452868,81328,0.001,11.195527076721191,1564,20306,0.05,52.0,18,4302
-362.7937475699999,81536,0.001,5.038824081420898,1568,20358,0.05,52.0,18,4302
-362.70302966,81744,0.001,4.551079273223877,1572,20410,0.05,52.0,19,4302
-372.24045414999995,81952,0.001,4.947185039520264,1576,20462,0.05,52.0,19,4302
-377.0358931999999,82160,0.001,11.252007484436035,1580,20514,0.05,52.0,19,4302
-375.00684153000003,82368,0.001,5.6507978439331055,1584,20566,0.05,52.0,19,4302
-370.0824487300001,82576,0.001,12.29124641418457,1588,20618,0.05,52.0,19,4301
-370.01429277999995,82784,0.001,7.9952392578125,1592,20670,0.05,52.0,19,4301
-373.1932733400001,82992,0.001,10.122135162353516,1596,20722,0.05,52.0,19,4301
-363.75989296000006,83200,0.001,6.3589396476745605,1600,20774,0.05,52.0,19,4301
-362.82134183,83408,0.001,4.377112865447998,1604,20826,0.05,52.0,19,4301
-372.70019866999996,83616,0.001,4.666534423828125,1608,20878,0.05,52.0,19,4300
-375.10520091000006,83824,0.001,9.192120552062988,1612,20930,0.05,52.0,19,4300
-378.00648083,84032,0.001,11.717021942138672,1616,20982,0.05,52.0,19,4300
-381.0241032899999,84240,0.001,8.15965747833252,1620,21034,0.05,52.0,19,4300
-378.71706426,84448,0.001,6.478390693664551,1624,21086,0.05,52.0,19,4300
-378.48783002999994,84656,0.001,4.928503513336182,1628,21138,0.05,52.0,19,4300
-375.90451110999993,84864,0.001,6.339455604553223,1632,21190,0.05,52.0,19,4300
-374.89543974000003,85072,0.001,6.873513698577881,1636,21242,0.05,52.0,19,4300
-370.9684578,85280,0.001,7.655853748321533,1640,21294,0.05,52.0,19,4300
-367.6918337000001,85488,0.001,7.14002799987793,1644,21346,0.05,52.0,19,4300
-366.77098069,85696,0.001,8.848675727844238,1648,21398,0.05,52.0,19,4300
-361.17482418,85904,0.001,2.1126961708068848,1652,21450,0.05,52.0,19,4300
-363.84698483000005,86112,0.001,7.136274337768555,1656,21502,0.05,52.0,20,4299
-365.56351391,86320,0.001,8.665760040283203,1660,21554,0.05,52.0,20,4299
-354.51052540999996,86528,0.001,9.826545715332031,1664,21606,0.05,52.0,20,4299
-360.40824059,86736,0.001,9.087170600891113,1668,21658,0.05,52.0,20,4299
-360.72018076,86944,0.001,8.861455917358398,1672,21710,0.05,52.0,20,4299
-353.46154261,87152,0.001,12.440231323242188,1676,21762,0.05,52.0,20,4299
-346.45381006,87360,0.001,14.98953914642334,1680,21814,0.05,52.0,20,4299
-344.56726688,87568,0.001,9.662233352661133,1684,21866,0.05,52.0,20,4299
-344.05551661999993,87776,0.001,4.137817859649658,1688,21918,0.05,52.0,20,4299
-341.3292036499999,87984,0.001,5.129741191864014,1692,21970,0.05,52.0,20,4299
-335.08049346,88192,0.001,8.271666526794434,1696,22022,0.05,52.0,20,4299
-333.04057123999996,88400,0.001,8.486736297607422,1700,22074,0.05,52.0,20,4299
-340.05109403,88608,0.001,7.416153907775879,1704,22126,0.05,52.0,20,4299
-338.21836873,88816,0.001,8.943109512329102,1708,22178,0.05,52.0,20,4299
-338.78104146,89024,0.001,7.089702606201172,1712,22230,0.05,52.0,20,4299
-351.76783496999997,89232,0.001,8.667932510375977,1716,22282,0.05,52.0,20,4299
-351.84368306000005,89440,0.001,6.067864418029785,1720,22334,0.05,52.0,20,4299
-358.67881596,89648,0.001,17.947303771972656,1724,22386,0.05,52.0,20,4299
-358.25854925,89856,0.001,5.130209922790527,1728,22438,0.05,52.0,20,4298
-360.3842232100001,90064,0.001,8.483565330505371,1732,22490,0.05,52.0,20,4298
-363.2096572,90272,0.001,8.378149032592773,1736,22542,0.05,52.0,20,4298
-367.25426431000005,90480,0.001,15.848685264587402,1740,22594,0.05,52.0,21,4298
-364.62048328,90688,0.001,6.6333794593811035,1744,22646,0.05,52.0,21,4298
-365.2702574400001,90896,0.001,6.935412406921387,1748,22698,0.05,52.0,21,4298
-369.51734286000004,91104,0.001,5.040030479431152,1752,22750,0.05,52.0,21,4298
-365.44495466,91312,0.001,6.1359663009643555,1756,22802,0.05,52.0,21,4298
-369.09572486,91520,0.001,6.18350887298584,1760,22854,0.05,52.0,21,4298
-372.1658130100001,91728,0.001,4.604742050170898,1764,22906,0.05,52.0,21,4297
-373.65279365999993,91936,0.001,6.957230567932129,1768,22958,0.05,52.0,21,4297
-371.23021828000003,92144,0.001,4.569272518157959,1772,23010,0.05,52.0,21,4297
-370.2183865200001,92352,0.001,5.97439432144165,1776,23062,0.05,52.0,21,4297
-373.50831633999996,92560,0.001,6.306018352508545,1780,23114,0.05,52.0,21,4297
-373.13856426000007,92768,0.001,8.094632148742676,1784,23166,0.05,52.0,21,4297
-375.99653832,92976,0.001,7.071355819702148,1788,23218,0.05,52.0,21,4297
-379.17375049999987,93184,0.001,4.355705738067627,1792,23270,0.05,52.0,21,4297
-384.32285380999997,93392,0.001,5.579178810119629,1796,23322,0.05,52.0,21,4297
-384.36355204000006,93600,0.001,2.762397527694702,1800,23374,0.05,52.0,21,4297
-383.34567046999996,93808,0.001,7.978788375854492,1804,23426,0.05,52.0,21,4297
-385.8019154000001,94016,0.001,4.572329044342041,1808,23478,0.05,52.0,21,4297
-387.72291263,94224,0.001,6.035060882568359,1812,23530,0.05,52.0,21,4297
-370.88468376000003,94432,0.001,5.121213436126709,1816,23582,0.05,52.0,21,4297
-369.12970258999997,94640,0.001,13.910930633544922,1820,23634,0.05,52.0,22,4297
-367.2245683899999,94848,0.001,8.254327774047852,1824,23686,0.05,52.0,22,4297
-367.64249877000003,95056,0.001,4.182308197021484,1828,23738,0.05,52.0,22,4297
-370.20316226,95264,0.001,8.791833877563477,1832,23790,0.05,52.0,22,4297
-368.09347671,95472,0.001,5.7478461265563965,1836,23842,0.05,52.0,22,4297
-369.6881498799999,95680,0.001,12.48978042602539,1840,23894,0.05,52.0,22,4297
-375.5426684,95888,0.001,9.328329086303711,1844,23946,0.05,52.0,22,4296
-379.63895518000004,96096,0.001,5.882314682006836,1848,23998,0.05,52.0,22,4296
-385.55160728000004,96304,0.001,8.524165153503418,1852,24050,0.05,52.0,22,4296
-387.63337012000005,96512,0.001,8.664664268493652,1856,24102,0.05,52.0,22,4296
-388.00420601999997,96720,0.001,4.096183776855469,1860,24154,0.05,52.0,22,4296
-387.95860885,96928,0.001,11.871452331542969,1864,24206,0.05,52.0,22,4296
-381.07678405,97136,0.001,10.439214706420898,1868,24258,0.05,52.0,22,4296
-378.99609892999996,97344,0.001,5.841623783111572,1872,24310,0.05,52.0,22,4296
-376.68380987999996,97552,0.001,11.20595645904541,1876,24362,0.05,52.0,22,4296
-375.78438976000007,97760,0.001,14.251623153686523,1880,24414,0.05,52.0,22,4295
-375.17023450999994,97968,0.001,11.540050506591797,1884,24466,0.05,52.0,22,4295
-375.48575807000003,98176,0.001,5.521069526672363,1888,24518,0.05,52.0,22,4295
-377.05906912,98384,0.001,16.804574966430664,1892,24570,0.05,52.0,22,4295
-379.16494214,98592,0.001,12.419028282165527,1896,24622,0.05,52.0,22,4295
-383.60323628000003,98800,0.001,5.866038799285889,1900,24674,0.05,52.0,22,4295
-384.24586337999995,99008,0.001,3.301016092300415,1904,24726,0.05,52.0,23,4295
-384.25279740999997,99216,0.001,3.884629726409912,1908,24778,0.05,52.0,23,4295
-384.36685403999996,99424,0.001,5.530605792999268,1912,24830,0.05,52.0,23,4295
-388.71337880999994,99632,0.001,6.296608924865723,1916,24882,0.05,52.0,23,4294
-386.91918248999997,99840,0.001,4.241689682006836,1920,24934,0.05,52.0,23,4294
